valid.name,redlistCategory,corallite,branching,integration,budding,family
Acanthastrea echinata,Least Concern,25,NB,3,both,Lobophylliidae
Acanthastrea minuta,Near Threatened,6.4,NB,3,both,Lobophylliidae
Acanthastrea pachysepta,Near Threatened,32.6,NB,3,both,Lobophylliidae
Acanthastrea subechinata,Near Threatened,12.8,NB,3,both,Lobophylliidae
Acropora abrolhosensis,Vulnerable,1.5,HB,3,extra,Acroporidae
Acropora abrotanoides,Least Concern,1.2,HB,3,extra,Acroporidae
Acropora aculeus,Vulnerable,1,MB,3,extra,Acroporidae
Acropora acuminata,Vulnerable,1.2,HB,3,extra,Acroporidae
Acropora anthocercis,Vulnerable,1.3,LB,3,extra,Acroporidae
Acropora arabensis,Near Threatened,2,LB,3,extra,Acroporidae
Acropora aspera,Vulnerable,1.8,HB,3,extra,Acroporidae
Acropora austera,Near Threatened,1.5,HB,3,extra,Acroporidae
Acropora awi,Vulnerable,1,HB,3,extra,Acroporidae
Acropora batunai,Vulnerable,0.5,LB,3,extra,Acroporidae
Acropora bushyensis,Least Concern,1.5,LB,3,extra,Acroporidae
Acropora carduus,Near Threatened,0.9,HB,3,extra,Acroporidae
Acropora caroliniana,Vulnerable,1,LB,3,extra,Acroporidae
Acropora cerealis,Least Concern,0.8,MB,3,extra,Acroporidae
Acropora cervicornis,Critically Endangered,1.7,HB,3,extra,Acroporidae
Acropora chesterfieldensis,Least Concern,1,MB,3,extra,Acroporidae
Acropora clathrata,Least Concern,0.9,LB,3,extra,Acroporidae
Acropora cytherea,Least Concern,1,LB,3,extra,Acroporidae
Acropora dendrum,Vulnerable,1.2,MB,3,extra,Acroporidae
Acropora derawanensis,Vulnerable,1,HB,3,extra,Acroporidae
Acropora desalwii,Vulnerable,0.8,MB,3,extra,Acroporidae
Acropora digitifera,Near Threatened,1.6,LB,3,extra,Acroporidae
Acropora divaricata,Near Threatened,1.1,LB,3,extra,Acroporidae
Acropora donei,Vulnerable,1.4,HB,3,extra,Acroporidae
Acropora downingi,Least Concern,1,LB,3,extra,Acroporidae
Acropora echinata,Vulnerable,1,HB,3,extra,Acroporidae
Acropora elegans,Vulnerable,0.8,LB,3,extra,Acroporidae
Acropora elseyi,Least Concern,0.9,HB,3,extra,Acroporidae
Acropora florida,Near Threatened,1.4,HB,3,extra,Acroporidae
Acropora gemmifera,Least Concern,1.6,LB,3,extra,Acroporidae
Acropora glauca,Near Threatened,1.3,LB,3,extra,Acroporidae
Acropora globiceps,Vulnerable,2.1,LB,3,extra,Acroporidae
Acropora grandis,Least Concern,1.7,HB,3,extra,Acroporidae
Acropora granulosa,Near Threatened,0.9,LB,3,extra,Acroporidae
Acropora halmaherae,Data Deficient,0.9,HB,3,extra,Acroporidae
Acropora hemprichii,Vulnerable,1.2,HB,3,extra,Acroporidae
Acropora hoeksemai,Vulnerable,1.1,HB,3,extra,Acroporidae
Acropora horrida,Vulnerable,1.5,MB,3,extra,Acroporidae
Acropora humilis,Near Threatened,1.8,LB,3,extra,Acroporidae
Acropora hyacinthus,Near Threatened,1.1,LB,3,extra,Acroporidae
Acropora indonesia,Vulnerable,1,HB,3,extra,Acroporidae
Acropora jacquelineae,Vulnerable,0.5,LB,3,extra,Acroporidae
Acropora japonica,Data Deficient,0.9,LB,3,extra,Acroporidae
Acropora kimbeensis,Vulnerable,0.6,MB,3,extra,Acroporidae
Acropora kirstyae,Vulnerable,0.8,MB,3,extra,Acroporidae
Acropora kosurini,Vulnerable,0.8,HB,3,extra,Acroporidae
Acropora latistella,Least Concern,0.9,MB,3,extra,Acroporidae
Acropora listeri,Vulnerable,1,MB,3,extra,Acroporidae
Acropora loisetteae,Vulnerable,1.6,HB,3,extra,Acroporidae
Acropora lokani,Vulnerable,0.9,MB,3,extra,Acroporidae
Acropora longicyathus,Least Concern,1.3,HB,3,extra,Acroporidae
Acropora loripes,Near Threatened,1.2,MB,3,extra,Acroporidae
Acropora lutkeni,Near Threatened,1.2,HB,3,extra,Acroporidae
Acropora microclados,Vulnerable,1.2,MB,3,extra,Acroporidae
Acropora microphthalma,Least Concern,1,HB,3,extra,Acroporidae
Acropora millepora,Near Threatened,1.6,MB,3,extra,Acroporidae
Acropora monticulosa,Near Threatened,1.2,LB,3,extra,Acroporidae
Acropora multiacuta,Vulnerable,2,MB,3,extra,Acroporidae
Acropora muricata,Near Threatened,1.2,HB,3,extra,Acroporidae
Acropora nana,Near Threatened,1,MB,3,extra,Acroporidae
Acropora nasuta,Near Threatened,1.1,MB,3,extra,Acroporidae
Acropora palmata,Critically Endangered,1.6,HB,3,extra,Acroporidae
Acropora palmerae,Vulnerable,1.3,LB,3,extra,Acroporidae
Acropora paniculata,Vulnerable,0.8,LB,3,extra,Acroporidae
Acropora papillare,Vulnerable,1.6,HB,3,extra,Acroporidae
Acropora pharaonis,Vulnerable,1.5,LB,3,extra,Acroporidae
Acropora pichoni,Near Threatened,0.9,LB,3,extra,Acroporidae
Acropora plumosa,Vulnerable,1.2,LB,3,extra,Acroporidae
Acropora polystoma,Vulnerable,1.5,MB,3,extra,Acroporidae
Acropora pruinosa,Data Deficient,1.6,MB,3,extra,Acroporidae
Acropora pulchra,Least Concern,1.2,HB,3,extra,Acroporidae
Acropora retusa,Vulnerable,0.9,LB,3,extra,Acroporidae
Acropora robusta,Least Concern,1.5,HB,3,extra,Acroporidae
Acropora roseni,Endangered,1.6,HB,3,extra,Acroporidae
Acropora rudis,Endangered,1.2,HB,3,extra,Acroporidae
Acropora russelli,Vulnerable,1,MB,3,extra,Acroporidae
Acropora samoensis,Least Concern,1.8,LB,3,extra,Acroporidae
Acropora sarmentosa,Least Concern,2,MB,3,extra,Acroporidae
Acropora secale,Near Threatened,1.2,MB,3,extra,Acroporidae
Acropora selago,Near Threatened,0.9,MB,3,extra,Acroporidae
Acropora simplex,Vulnerable,0.8,LB,3,extra,Acroporidae
Acropora solitaryensis,Vulnerable,1.1,LB,3,extra,Acroporidae
Acropora speciosa,Vulnerable,0.8,MB,3,extra,Acroporidae
Acropora spicifera,Vulnerable,1.1,LB,3,extra,Acroporidae
Acropora squarrosa,Least Concern,0.8,MB,3,extra,Acroporidae
Acropora stoddarti,Data Deficient,1.3,LB,3,extra,Acroporidae
Acropora striata,Vulnerable,1.1,MB,3,extra,Acroporidae
Acropora subglabra,Least Concern,0.8,HB,3,extra,Acroporidae
Acropora subulata,Least Concern,1.2,LB,3,extra,Acroporidae
Acropora suharsonoi,Endangered,0.8,MB,3,extra,Acroporidae
Acropora tanegashimensis,Data Deficient,0.8,LB,3,extra,Acroporidae
Acropora tenella,Vulnerable,0.8,LB,3,extra,Acroporidae
Acropora tenuis,Near Threatened,1.2,MB,3,extra,Acroporidae
Acropora torihalimeda,Data Deficient,0.8,MB,3,extra,Acroporidae
Acropora tortuosa,Least Concern,1.3,MB,3,extra,Acroporidae
Acropora tumida,Data Deficient,1.4,MB,3,extra,Acroporidae
Acropora turaki,Vulnerable,0.8,HB,3,extra,Acroporidae
Acropora valenciennesi,Least Concern,1.5,HB,3,extra,Acroporidae
Acropora valida,Least Concern,0.9,MB,3,extra,Acroporidae
Acropora variolosa,Least Concern,1.2,HB,3,extra,Acroporidae
Acropora vaughani,Vulnerable,1.1,MB,3,extra,Acroporidae
Acropora verweyi,Vulnerable,1.1,MB,3,extra,Acroporidae
Acropora walindii,Vulnerable,0.5,HB,3,extra,Acroporidae
Acropora willisae,Vulnerable,1,MB,3,extra,Acroporidae
Acropora yongei,Least Concern,1.2,MB,3,extra,Acroporidae
Agaricia agaricites,Least Concern,5.5,MB,6,intra,Agariciidae
Agaricia fragilis,Data Deficient,5,LB,6,intra,Agariciidae
Agaricia grahamae,Least Concern,6.5,MB,6,intra,Agariciidae
Agaricia humilis,Least Concern,6,LB,6,intra,Agariciidae
Agaricia lamarcki,Vulnerable,7.9,MB,6,intra,Agariciidae
Agaricia tenuifolia,Near Threatened,5.1,MB,6,intra,Agariciidae
Agaricia undata,Data Deficient,6,MB,6,intra,Agariciidae
Alveopora allingi,Vulnerable,3.7,MB,4,extra,Acroporidae
Alveopora catalai,Near Threatened,4.1,MB,4,extra,Acroporidae
Alveopora daedalea,Vulnerable,2.2,MB,4,extra,Acroporidae
Alveopora excelsa,Endangered,2,NB,4,extra,Acroporidae
Alveopora fenestrata,Vulnerable,3.4,NB,4,extra,Acroporidae
Alveopora gigas,Vulnerable,6.6,MB,4,extra,Acroporidae
Alveopora japonica,Vulnerable,2.7,NB,4,extra,Acroporidae
Alveopora marionensis,Vulnerable,3.4,NB,4,extra,Acroporidae
Alveopora minuta,Endangered,1.3,NB,4,extra,Acroporidae
Alveopora ocellata,Data Deficient,1.5,LB,4,extra,Acroporidae
Alveopora spongiosa,Near Threatened,1.5,MB,4,extra,Acroporidae
Alveopora tizardi,Least Concern,1.5,LB,4,extra,Acroporidae
Alveopora verrilliana,Vulnerable,2.1,NB,4,extra,Acroporidae
Alveopora viridis,Near Threatened,1.7,MB,4,extra,Acroporidae
Anacropora forbesi,Least Concern,0.5,MB,3,extra,Acroporidae
Anacropora matthai,Vulnerable,0.6,MB,3,extra,Acroporidae
Anacropora pillai,Data Deficient,0.6,MB,3,extra,Acroporidae
Anacropora puertogalerae,Vulnerable,0.8,MB,3,extra,Acroporidae
Anacropora reticulata,Vulnerable,0.9,MB,3,extra,Acroporidae
Anacropora spinosa,Endangered,0.9,MB,3,extra,Acroporidae
Anacropora spumosa,Data Deficient,0.7,MB,3,extra,Acroporidae
Anomastraea irregularis,Vulnerable,5.4,NB,3,both,Coscinaraeidae
Astrea annuligera,Near Threatened,6.3,LB,3,extra,Merulinidae
Astrea curta,Least Concern,9.3,NB,3,extra,Merulinidae
Astrea devantieri,Near Threatened,4.5,NB,3,extra,Merulinidae
Astreopora cucullata,Vulnerable,2.3,NB,3,extra,Acroporidae
Astreopora expansa,Near Threatened,2.3,MB,3,extra,Acroporidae
Astreopora gracilis,Least Concern,1.6,NB,3,extra,Acroporidae
Astreopora incrustans,Vulnerable,0.9,LB,3,extra,Acroporidae
Astreopora listeri,Least Concern,1.6,NB,3,extra,Acroporidae
Astreopora macrostoma,Near Threatened,2.5,LB,3,extra,Acroporidae
Astreopora moretonensis,Vulnerable,2.5,MB,3,extra,Acroporidae
Astreopora myriophthalma,Least Concern,2.3,NB,3,extra,Acroporidae
Astreopora ocellata,Least Concern,2.5,NB,3,extra,Acroporidae
Astreopora randalli,Least Concern,1.5,MB,3,extra,Acroporidae
Astreopora scabra,Least Concern,2.5,NB,3,extra,Acroporidae
Astreopora suggesta,Least Concern,1.6,NB,3,extra,Acroporidae
Australogyra zelli,Vulnerable,7.2,MB,5,intra,Merulinidae
Blastomussa wellsi,Near Threatened,18.9,NB,2,extra,Plerogyridae
Boninastrea boninensis,Data Deficient,6.5,NB,4,intra,Merulinidae
Cantharellus doederleini,Least Concern,53.3,NB,0,,Fungiidae
Cantharellus jebbi,Least Concern,20,LB,0,,Fungiidae
Cantharellus noumeae,Endangered,200,LB,0,,Fungiidae
Catalaphyllia jardinei,Vulnerable,21.3,NB,7,intra,Merulinidae
Caulastraea connata,Vulnerable,27.5,NB,2,intra,Merulinidae
Caulastraea curvata,Vulnerable,7.8,MB,2,intra,Merulinidae
Caulastraea echinulata,Vulnerable,9.4,NB,2,intra,Merulinidae
Caulastraea furcata,Least Concern,7.2,NB,2,intra,Merulinidae
Caulastraea tumida,Near Threatened,25,NB,2,intra,Merulinidae
Cladocora arbuscula,Least Concern,2.9,MB,2,extra,Scleractinia incertae sedis
Cladocora caespitosa,Endangered,4.5,NB,2,extra,Scleractinia incertae sedis
Coelastrea aspera,Least Concern,8.5,NB,4,intra,Merulinidae
Coelastrea palauensis,Near Threatened,18.8,NB,4,intra,Merulinidae
Coeloseris mayeri,Least Concern,8.1,NB,4,intra,Agariciidae
Colpophyllia natans,Least Concern,8.7,NB,6,intra,Faviidae
Coscinaraea crassa,Near Threatened,8.6,LB,3,both,Coscinaraeidae
Coscinaraea hahazimaensis,Vulnerable,3,NB,3,both,Coscinaraeidae
Coscinaraea marshae,Least Concern,5.3,LB,3,both,Coscinaraeidae
Coscinaraea mcneilli,Least Concern,5.8,LB,3,both,Coscinaraeidae
Coscinaraea monile,Least Concern,50,NB,3,both,Coscinaraeidae
Ctenactis albitentaculata,Near Threatened,260,NB,0,intra,Fungiidae
Ctenactis crassa,Least Concern,236,NB,0,intra,Fungiidae
Ctenactis echinata,Least Concern,284,NB,0,intra,Fungiidae
Cycloseris costulata,Least Concern,76,NB,0,intra,Fungiidae
Cycloseris curvata,Vulnerable,81,NB,0,intra,Fungiidae
Cycloseris cyclolites,Least Concern,35.7,NB,0,intra,Fungiidae
Cycloseris distorta,Least Concern,40,NB,0,intra,Fungiidae
Cycloseris explanulata,Least Concern,4.5,MB,0,intra,Fungiidae
Cycloseris fragilis,Least Concern,48,NB,0,intra,Fungiidae
Cycloseris mokai,Least Concern,7.5,NB,0,intra,Fungiidae
Cycloseris sinensis,Least Concern,54.8,NB,0,intra,Fungiidae
Cycloseris somervillei,Least Concern,135.2,NB,0,intra,Fungiidae
Cycloseris tenuis,Least Concern,46.7,NB,0,intra,Fungiidae
Cycloseris vaughani,Least Concern,58.5,NB,0,intra,Fungiidae
Cycloseris wellsi,Least Concern,34,MB,0,intra,Fungiidae
Cynarina lacrymalis,Near Threatened,85,NB,0,intra,Lobophylliidae
Cyphastrea agassizi,Vulnerable,2.2,NB,3,extra,Merulinidae
Cyphastrea chalcidicum,Least Concern,2.8,NB,3,extra,Merulinidae
Cyphastrea decadia,Least Concern,2.8,MB,3,extra,Merulinidae
Cyphastrea hexasepta,Vulnerable,1,NB,3,extra,Merulinidae
Cyphastrea japonica,Least Concern,1.9,NB,3,extra,Merulinidae
Cyphastrea microphthalma,Least Concern,2.7,NB,3,extra,Merulinidae
Cyphastrea ocellina,Vulnerable,2.5,NB,3,extra,Merulinidae
Cyphastrea serailia,Least Concern,2.4,NB,3,extra,Merulinidae
Danafungia horrida,Least Concern,204,NB,0,,Fungiidae
Danafungia scruposa,Least Concern,111,NB,0,,Fungiidae
Dendrogyra cylindrus,Vulnerable,4.2,MB,6,intra,Meandrinidae
Dichocoenia stokesii,Vulnerable,4.7,NB,3,intra,Meandrinidae
Diploastrea heliopora,Near Threatened,9,NB,4,extra,Diploastraeidae
Diploria labyrinthiformis,Least Concern,5.8,NB,6,intra,Faviidae
Dipsastraea albida,Near Threatened,8.3,NB,3,intra,Merulinidae
Dipsastraea amicorum,Least Concern,6,NB,3,intra,Merulinidae
Dipsastraea danai,Least Concern,9.2,NB,3,intra,Merulinidae
Dipsastraea favus,Least Concern,6.5,NB,3,intra,Merulinidae
Dipsastraea helianthoides,Near Threatened,9,NB,3,intra,Merulinidae
Dipsastraea lacuna,Near Threatened,9.8,NB,3,intra,Merulinidae
Dipsastraea laddi,Vulnerable,6.8,NB,3,intra,Merulinidae
Dipsastraea laxa,Near Threatened,5.8,NB,3,intra,Merulinidae
Dipsastraea lizardensis,Near Threatened,16.7,NB,3,intra,Merulinidae
Dipsastraea maritima,Near Threatened,18.8,NB,3,intra,Merulinidae
Dipsastraea marshae,Near Threatened,19.3,NB,3,intra,Merulinidae
Dipsastraea matthaii,Near Threatened,8.8,NB,3,intra,Merulinidae
Dipsastraea maxima,Near Threatened,29,NB,3,intra,Merulinidae
Dipsastraea pallida,Least Concern,6.8,NB,3,intra,Merulinidae
Dipsastraea rosaria,Vulnerable,9.3,LB,3,intra,Merulinidae
Dipsastraea rotumana,Least Concern,8.8,NB,3,intra,Merulinidae
Dipsastraea speciosa,Least Concern,9.9,NB,3,intra,Merulinidae
Dipsastraea truncata,Least Concern,9,NB,3,intra,Merulinidae
Dipsastraea veroni,Near Threatened,17.5,NB,3,intra,Merulinidae
Dipsastraea vietnamensis,Near Threatened,4.8,NB,3,intra,Merulinidae
Duncanopsammia axifuga,Near Threatened,6.7,MB,1,extra,Dendrophylliidae
Duncanopsammia peltata,Vulnerable,4.8,MB,1,extra,Dendrophylliidae
Echinomorpha nishihirai,Near Threatened,115.5,LB,0,intra,Lobophylliidae
Echinophyllia aspera,Least Concern,8.8,MB,5,intra,Lobophylliidae
Echinophyllia costata,Vulnerable,6,MB,5,intra,Lobophylliidae
Echinophyllia echinoporoides,Least Concern,5.7,LB,5,intra,Lobophylliidae
Echinophyllia glabra,Least Concern,7.5,MB,5,intra,Lobophylliidae
Echinophyllia orpheensis,Least Concern,10.1,NB,5,intra,Lobophylliidae
Echinophyllia patula,Least Concern,7,MB,5,intra,Lobophylliidae
Echinophyllia pectinata,Data Deficient,7.2,LB,5,intra,Lobophylliidae
Echinopora ashmorensis,Vulnerable,5.1,LB,3,extra,Merulinidae
Echinopora forskaliana,Near Threatened,5.8,NB,3,extra,Merulinidae
Echinopora fruticulosa,Near Threatened,4.8,MB,3,extra,Merulinidae
Echinopora gemmacea,Least Concern,4.2,MB,3,extra,Merulinidae
Echinopora hirsutissima,Least Concern,4.2,NB,3,extra,Merulinidae
Echinopora horrida,Near Threatened,2.4,LB,3,extra,Merulinidae
Echinopora irregularis,Data Deficient,4.2,LB,3,extra,Merulinidae
Echinopora lamellosa,Least Concern,3.4,MB,3,extra,Merulinidae
Echinopora mammiformis,Near Threatened,8.9,LB,3,extra,Merulinidae
Echinopora pacifica,Near Threatened,4.6,MB,3,extra,Merulinidae
Echinopora robusta,Vulnerable,8.6,NB,3,extra,Merulinidae
Echinopora taylorae,Near Threatened,5,MB,3,extra,Merulinidae
Echinopora tiranensis,Data Deficient,3.5,LB,3,extra,Merulinidae
Erythrastrea flabellata,Near Threatened,14,NB,7,intra,Merulinidae
Euphyllia cristata,Vulnerable,25,NB,7,intra,Euphylliidae
Euphyllia glabrescens,Near Threatened,8,NB,7,intra,Euphylliidae
Euphyllia paraglabrescens,Vulnerable,51,NB,7,intra,Euphylliidae
Eusmilia fastigiata,Least Concern,20.9,NB,2,intra,Meandrinidae
Favia fragum,Least Concern,5.8,NB,3,intra,Faviidae
Favites abdita,Near Threatened,7.5,NB,4,both,Merulinidae
Favites acuticollis,Near Threatened,9.3,NB,4,both,Merulinidae
Favites chinensis,Near Threatened,7.5,NB,4,both,Merulinidae
Favites colemani,Near Threatened,7.8,LB,4,both,Merulinidae
Favites complanata,Near Threatened,8,NB,4,both,Merulinidae
Favites flexuosa,Near Threatened,18.8,NB,4,both,Merulinidae
Favites halicora,Near Threatened,16.8,NB,4,both,Merulinidae
Favites magnistellata,Near Threatened,5.1,NB,4,both,Merulinidae
Favites micropentagonus,Near Threatened,5.2,NB,4,both,Merulinidae
Favites paraflexuosus,Near Threatened,16.2,NB,4,both,Merulinidae
Favites pentagona,Least Concern,8.5,NB,4,both,Merulinidae
Favites rotundata,Near Threatened,21.2,NB,4,both,Merulinidae
Favites spinosa,Vulnerable,8.2,NB,4,both,Merulinidae
Favites stylifera,Near Threatened,6.8,NB,4,both,Merulinidae
Favites vasta,Near Threatened,17.5,NB,4,both,Merulinidae
Fimbriaphyllia ancora,Vulnerable,45,NB,7,intra,Euphylliidae
Fimbriaphyllia divisa,Near Threatened,22,NB,7,intra,Euphylliidae
Fimbriaphyllia paraancora,Vulnerable,30,NB,7,intra,Euphylliidae
Fimbriaphyllia paradivisa,Vulnerable,45,NB,7,intra,Euphylliidae
Fimbriaphyllia yaeyamensis,Near Threatened,25.2,NB,7,intra,Euphylliidae
Fungia fungites,Near Threatened,158,NB,0,extra,Fungiidae
Galaxea acrhelia,Vulnerable,5.4,MB,3,intra,Euphylliidae
Galaxea astreata,Vulnerable,3.7,NB,3,intra,Euphylliidae
Galaxea cryptoramosa,Vulnerable,4.6,MB,3,intra,Euphylliidae
Galaxea fascicularis,Near Threatened,5.8,NB,3,intra,Euphylliidae
Galaxea horrescens,Least Concern,2.9,MB,3,intra,Euphylliidae
Galaxea longisepta,Near Threatened,7.6,LB,3,intra,Euphylliidae
Galaxea paucisepta,Near Threatened,3.1,LB,3,intra,Euphylliidae
Gardineroseris planulata,Least Concern,5,NB,6,intra,Agariciidae
Goniastrea columella,Near Threatened,17.5,NB,4,both,Merulinidae
Goniastrea edwardsi,Least Concern,5,NB,4,both,Merulinidae
Goniastrea favulus,Near Threatened,7.5,NB,4,both,Merulinidae
Goniastrea minuta,Near Threatened,5.9,NB,4,both,Merulinidae
Goniastrea pectinata,Least Concern,5,NB,4,both,Merulinidae
Goniastrea ramosa,Vulnerable,7.4,LB,4,both,Merulinidae
Goniastrea retiformis,Least Concern,6.5,NB,4,both,Merulinidae
Goniastrea stelligera,Near Threatened,5.1,NB,4,both,Merulinidae
Goniastrea thecata,Near Threatened,8.4,NB,4,both,Merulinidae
Goniopora albiconus,Vulnerable,3.2,LB,4,extra,Poritidae
Goniopora burgosi,Vulnerable,1.7,NB,4,extra,Poritidae
Goniopora cellulosa,Vulnerable,4.1,NB,4,extra,Poritidae
Goniopora ciliatus,Least Concern,3.8,MB,4,extra,Poritidae
Goniopora columna,Near Threatened,3.7,MB,4,extra,Poritidae
Goniopora diminuta,Data Deficient,4,NB,4,extra,Poritidae
Goniopora djiboutiensis,Least Concern,4.7,MB,4,extra,Poritidae
Goniopora eclipsensis,Least Concern,3.1,MB,4,extra,Poritidae
Goniopora fruticosa,Least Concern,3.7,LB,4,extra,Poritidae
Goniopora lobata,Near Threatened,4.6,MB,4,extra,Poritidae
Goniopora norfolkensis,Least Concern,2.4,LB,4,extra,Poritidae
Goniopora paliformis,Vulnerable,2.7,NB,4,extra,Poritidae
Goniopora palmensis,Least Concern,2.4,NB,4,extra,Poritidae
Goniopora pandoraensis,Least Concern,2.7,MB,4,extra,Poritidae
Goniopora pearsoni,Least Concern,3.3,NB,4,extra,Poritidae
Goniopora pedunculata,Near Threatened,2.5,LB,4,extra,Poritidae
Goniopora pendulus,Least Concern,5.6,NB,4,extra,Poritidae
Goniopora planulata,Vulnerable,3.1,MB,4,extra,Poritidae
Goniopora savignyi,Least Concern,2.2,MB,4,extra,Poritidae
Goniopora somaliensis,Least Concern,3.1,LB,4,extra,Poritidae
Goniopora stokesi,Near Threatened,4.7,MB,4,extra,Poritidae
Goniopora sultani,Least Concern,7.8,MB,4,extra,Poritidae
Goniopora tenella,Near Threatened,2.9,LB,4,extra,Poritidae
Gyrosmilia interrupta,Least Concern,8.1,NB,6,intra,Euphylliidae
Halomitra clavator,Vulnerable,5.3,NB,5,intra,Fungiidae
Halomitra pileus,Least Concern,4.8,NB,5,intra,Fungiidae
Heliofungia actiniformis,Vulnerable,142,NB,0,intra,Fungiidae
Helioseris cucullata,Least Concern,4.6,LB,7,intra,Agariciidae
Herpolitha limax,Least Concern,370,NB,5,intra,Fungiidae
Homophyllia australis,Least Concern,75,NB,4,intra,Lobophylliidae
Homophyllia bowerbanki,Vulnerable,25,NB,4,intra,Lobophylliidae
Horastrea indica,Vulnerable,7.3,NB,4,intra,Coscinaraeidae
Hydnophora bonsai,Endangered,4.5,LB,3,intra,Merulinidae
Hydnophora exesa,Near Threatened,4.5,NB,3,intra,Merulinidae
Hydnophora grandis,Least Concern,4.7,LB,3,intra,Merulinidae
Hydnophora microconos,Near Threatened,7.2,NB,3,intra,Merulinidae
Hydnophora pilosa,Least Concern,8,MB,3,intra,Merulinidae
Hydnophora rigida,Least Concern,6.7,MB,3,intra,Merulinidae
Isophyllia rigida,Least Concern,9.2,NB,5,intra,Faviidae
Isophyllia sinuosa,Least Concern,9.2,NB,5,intra,Faviidae
Isopora brueggemanni,Vulnerable,1.6,HB,3,extra,Acroporidae
Isopora crateriformis,Vulnerable,0.8,LB,3,extra,Acroporidae
Isopora cuneata,Vulnerable,1,LB,3,extra,Acroporidae
Isopora palifera,Near Threatened,1.4,HB,3,extra,Acroporidae
Isopora togianensis,Endangered,1.2,HB,3,extra,Acroporidae
Leptastrea aequalis,Vulnerable,2.8,LB,4,extra,Scleractinia incertae sedis
Leptastrea bewickensis,Near Threatened,4.2,LB,4,extra,Scleractinia incertae sedis
Leptastrea bottae,Near Threatened,3.5,LB,4,extra,Scleractinia incertae sedis
Leptastrea inaequalis,Near Threatened,4.1,NB,4,extra,Scleractinia incertae sedis
Leptastrea purpurea,Least Concern,3.6,LB,4,extra,Scleractinia incertae sedis
Leptastrea transversa,Least Concern,9.2,LB,4,extra,Scleractinia incertae sedis
Leptoria irregularis,Vulnerable,6.3,LB,6,intra,Merulinidae
Leptoria phrygia,Near Threatened,3.5,NB,6,intra,Merulinidae
Leptoseris amitoriensis,Near Threatened,3.7,MB,5,intra,Agariciidae
Leptoseris cailleti,Least Concern,3.5,MB,5,intra,Agariciidae
Leptoseris explanata,Least Concern,4,MB,5,intra,Agariciidae
Leptoseris foliosa,Least Concern,1.4,MB,5,intra,Agariciidae
Leptoseris gardineri,Least Concern,2.5,MB,5,intra,Agariciidae
Leptoseris hawaiiensis,Vulnerable,4.4,LB,5,intra,Agariciidae
Leptoseris mycetoseroides,Least Concern,4.4,MB,5,intra,Agariciidae
Leptoseris papyracea,Least Concern,4.4,MB,5,intra,Agariciidae
Leptoseris scabra,Least Concern,6.3,LB,5,intra,Agariciidae
Leptoseris solida,Least Concern,3.8,LB,5,intra,Agariciidae
Leptoseris striata,Near Threatened,4,LB,5,intra,Agariciidae
Leptoseris tubulifera,Least Concern,2.5,LB,5,intra,Agariciidae
Leptoseris yabei,Vulnerable,3.7,MB,5,intra,Agariciidae
Lithophyllon concinna,Least Concern,160,NB,5,intra,Fungiidae
Lithophyllon repanda,Least Concern,150,NB,5,intra,Fungiidae
Lithophyllon scabra,Least Concern,78,NB,5,intra,Fungiidae
Lithophyllon spinifer,Least Concern,118,NB,5,intra,Fungiidae
Lithophyllon undulatum,Near Threatened,5.1,LB,5,intra,Fungiidae
Lobactis scutaria,Least Concern,169,NB,5,intra,Fungiidae
Lobophyllia agaricia,Least Concern,33.5,NB,2,intra,Lobophylliidae
Lobophyllia corymbosa,Least Concern,47.5,NB,2,intra,Lobophylliidae
Lobophyllia dentata,Vulnerable,32.6,NB,2,intra,Lobophylliidae
Lobophyllia diminuta,Vulnerable,42.5,NB,2,intra,Lobophylliidae
Lobophyllia erythraea,Least Concern,17.5,NB,2,intra,Lobophylliidae
Lobophyllia flabelliformis,Vulnerable,59.5,NB,2,intra,Lobophylliidae
Lobophyllia hassi,Vulnerable,20,NB,2,intra,Lobophylliidae
Lobophyllia hataii,Least Concern,30,NB,2,intra,Lobophylliidae
Lobophyllia hemprichii,Least Concern,26.8,NB,2,intra,Lobophylliidae
Lobophyllia radians,Least Concern,35,NB,2,intra,Lobophylliidae
Lobophyllia recta,Least Concern,9,NB,2,intra,Lobophylliidae
Lobophyllia robusta,Least Concern,47.5,NB,2,intra,Lobophylliidae
Lobophyllia rowleyensis,Near Threatened,8.5,NB,2,intra,Lobophylliidae
Lobophyllia serrata,Endangered,40.2,NB,2,intra,Lobophylliidae
Lobophyllia valenciennesii,Least Concern,35,LB,2,intra,Lobophylliidae
Lobophyllia vitiensis,Near Threatened,70,NB,2,intra,Lobophylliidae
Madracis decactis,Least Concern,2.2,LB,3,extra,Pocilloporidae
Madracis formosa,Least Concern,1.6,MB,3,extra,Pocilloporidae
Madracis kirbyi,Least Concern,2.6,LB,3,extra,Pocilloporidae
Madracis senaria,Least Concern,1.8,LB,3,extra,Pocilloporidae
Manicina areolata,Least Concern,8.8,NB,7,intra,Faviidae
Meandrina braziliensis,Data Deficient,13.3,NB,6,intra,Meandrinidae
Meandrina meandrites,Least Concern,13.5,NB,6,intra,Meandrinidae
Merulina ampliata,Least Concern,6.2,MB,6,intra,Merulinidae
Merulina cylindrica,Least Concern,3.8,MB,6,intra,Merulinidae
Merulina scabricula,Least Concern,3.5,MB,6,intra,Merulinidae
Merulina scheeri,Least Concern,8.2,LB,6,intra,Merulinidae
Merulina triangularis,Near Threatened,8.8,MB,6,intra,Merulinidae
Micromussa amakusensis,Near Threatened,5.7,LB,3,both,Lobophylliidae
Micromussa lordhowensis,Near Threatened,7.5,NB,3,both,Lobophylliidae
Micromussa multipunctata,Vulnerable,9.3,LB,3,both,Lobophylliidae
Montigyra kenti,Data Deficient,32,NB,5,intra,Euphylliidae
Montipora aequituberculata,Least Concern,0.9,MB,3,extra,Acroporidae
Montipora altasepta,Vulnerable,0.8,HB,3,extra,Acroporidae
Montipora angulata,Vulnerable,1.3,MB,3,extra,Acroporidae
Montipora aspergillus,Data Deficient,0.8,MB,3,extra,Acroporidae
Montipora australiensis,Vulnerable,0.9,MB,3,extra,Acroporidae
Montipora cactus,Vulnerable,1.2,LB,3,extra,Acroporidae
Montipora calcarea,Vulnerable,0.9,LB,3,extra,Acroporidae
Montipora caliculata,Vulnerable,1,NB,3,extra,Acroporidae
Montipora capitata,Near Threatened,1,LB,3,extra,Acroporidae
Montipora capricornis,Vulnerable,1,MB,3,extra,Acroporidae
Montipora cebuensis,Vulnerable,0.8,MB,3,extra,Acroporidae
Montipora circumvallata,Least Concern,0.6,LB,3,extra,Acroporidae
Montipora cocosensis,Vulnerable,1.4,NB,3,extra,Acroporidae
Montipora confusa,Near Threatened,0.7,LB,3,extra,Acroporidae
Montipora corbettensis,Vulnerable,0.8,LB,3,extra,Acroporidae
Montipora crassituberculata,Vulnerable,1.5,MB,3,extra,Acroporidae
Montipora cryptus,Near Threatened,0.7,LB,3,extra,Acroporidae
Montipora danae,Least Concern,1.4,MB,3,extra,Acroporidae
Montipora delicatula,Vulnerable,0.6,MB,3,extra,Acroporidae
Montipora digitata,Least Concern,0.9,HB,3,extra,Acroporidae
Montipora dilatata,Endangered,1.2,LB,3,extra,Acroporidae
Montipora efflorescens,Near Threatened,1.2,NB,3,extra,Acroporidae
Montipora effusa,Near Threatened,0.8,NB,3,extra,Acroporidae
Montipora flabellata,Vulnerable,0.2,MB,3,extra,Acroporidae
Montipora florida,Vulnerable,0.8,MB,3,extra,Acroporidae
Montipora floweri,Least Concern,0.9,NB,3,extra,Acroporidae
Montipora foliosa,Near Threatened,0.9,MB,3,extra,Acroporidae
Montipora foveolata,Near Threatened,2.9,NB,3,extra,Acroporidae
Montipora friabilis,Vulnerable,1,MB,3,extra,Acroporidae
Montipora gaimardi,Vulnerable,0.8,LB,3,extra,Acroporidae
Montipora grisea,Least Concern,1.2,NB,3,extra,Acroporidae
Montipora hemispherica,Data Deficient,0.9,LB,3,extra,Acroporidae
Montipora hispida,Near Threatened,1.4,LB,3,extra,Acroporidae
Montipora hodgsoni,Vulnerable,0.6,MB,3,extra,Acroporidae
Montipora hoffmeisteri,Least Concern,1.1,LB,3,extra,Acroporidae
Montipora incrassata,Near Threatened,1.4,LB,3,extra,Acroporidae
Montipora informis,Least Concern,1.3,NB,3,extra,Acroporidae
Montipora kellyi,Data Deficient,0.9,MB,3,extra,Acroporidae
Montipora lobulata,Vulnerable,1.3,NB,3,extra,Acroporidae
Montipora mactanensis,Vulnerable,0.9,LB,3,extra,Acroporidae
Montipora malampaya,Vulnerable,0.7,LB,3,extra,Acroporidae
Montipora meandrina,Vulnerable,0.9,LB,3,extra,Acroporidae
Montipora millepora,Least Concern,8,LB,3,extra,Acroporidae
Montipora mollis,Least Concern,0.9,NB,3,extra,Acroporidae
Montipora monasteriata,Least Concern,1.1,MB,3,extra,Acroporidae
Montipora niugini,Near Threatened,0.7,LB,3,extra,Acroporidae
Montipora nodosa,Near Threatened,1.3,NB,3,extra,Acroporidae
Montipora orientalis,Vulnerable,1,MB,3,extra,Acroporidae
Montipora pachytuberculata,Data Deficient,0.6,MB,3,extra,Acroporidae
Montipora palawanensis,Near Threatened,0.7,MB,3,extra,Acroporidae
Montipora patula,Vulnerable,0.7,MB,3,extra,Acroporidae
Montipora peltiformis,Near Threatened,0.9,NB,3,extra,Acroporidae
Montipora porites,Near Threatened,0.9,LB,3,extra,Acroporidae
Montipora samarensis,Vulnerable,0.7,HB,3,extra,Acroporidae
Montipora saudii,Near Threatened,0.8,LB,3,extra,Acroporidae
Montipora setosa,Endangered,0.8,LB,3,extra,Acroporidae
Montipora spongiosa,Least Concern,0.8,MB,3,extra,Acroporidae
Montipora spongodes,Least Concern,1.2,LB,3,extra,Acroporidae
Montipora spumosa,Least Concern,0.9,LB,3,extra,Acroporidae
Montipora stellata,Least Concern,0.9,LB,3,extra,Acroporidae
Montipora stilosa,Vulnerable,0.8,NB,3,extra,Acroporidae
Montipora taiwanensis,Data Deficient,0.9,NB,3,extra,Acroporidae
Montipora tuberculosa,Vulnerable,1.1,MB,3,extra,Acroporidae
Montipora turgescens,Least Concern,1,NB,3,extra,Acroporidae
Montipora turtlensis,Vulnerable,0.9,LB,3,extra,Acroporidae
Montipora undata,Near Threatened,1.2,MB,3,extra,Acroporidae
Montipora venosa,Near Threatened,1.8,NB,3,extra,Acroporidae
Montipora verrilli,Data Deficient,0.8,LB,3,extra,Acroporidae
Montipora verrucosa,Least Concern,1.4,MB,3,extra,Acroporidae
Montipora verruculosa,Vulnerable,0.8,LB,3,extra,Acroporidae
Montipora vietnamensis,Vulnerable,0.7,LB,3,extra,Acroporidae
Moseleya latistellata,Vulnerable,73,NB,4,both,Lobophylliidae
Mussa angulosa,Least Concern,60,NB,7,intra,Faviidae
Mussismilia braziliensis,Data Deficient,6.6,NB,3,intra,Faviidae
Mussismilia harttii,Data Deficient,20,NB,3,intra,Faviidae
Mussismilia hispida,Data Deficient,20.5,NB,3,intra,Faviidae
Mussismilia leptophylla,Data Deficient,5,NB,3,intra,Faviidae
Mycedium elephantotus,Least Concern,7.5,MB,5,intra,Merulinidae
Mycedium mancaoi,Least Concern,7.2,MB,5,intra,Merulinidae
Mycedium robokaki,Least Concern,7.2,MB,5,intra,Merulinidae
Mycedium steeni,Vulnerable,3.1,MB,5,intra,Merulinidae
Mycedium umbra,Least Concern,8.3,LB,5,intra,Merulinidae
Mycetophyllia aliciae,Least Concern,20,NB,5,both,Faviidae
Mycetophyllia danaana,Least Concern,13.8,LB,5,both,Faviidae
Mycetophyllia ferox,Vulnerable,7.7,MB,5,both,Faviidae
Mycetophyllia lamarckiana,Least Concern,18.5,LB,5,both,Faviidae
Mycetophyllia reesi,Data Deficient,7.9,MB,5,both,Faviidae
Nemenzophyllia turbida,Vulnerable,7.5,NB,5,intra,Plerogyridae
Oculina patagonica,Least Concern,3.3,MB,1,intra,Oculinidae
Oculina robusta,Data Deficient,3.7,HB,1,intra,Oculinidae
Oculina valenciennesi,Data Deficient,2.7,MB,1,intra,Oculinidae
Orbicella annularis,Endangered,3.8,NB,3,extra,Merulinidae
Oulastrea crispata,Least Concern,5.6,LB,3,both,Oulastreidae
Oulophyllia bennettae,Near Threatened,17.4,NB,5,intra,Merulinidae
Oulophyllia crispa,Near Threatened,7,NB,5,intra,Merulinidae
Oulophyllia levis,Least Concern,8.6,NB,5,intra,Merulinidae
Oxypora convoluta,Data Deficient,7.3,MB,5,intra,Lobophylliidae
Oxypora crassispinosa,Least Concern,8.8,MB,5,intra,Lobophylliidae
Oxypora echinata,Least Concern,12.9,MB,5,intra,Lobophylliidae
Oxypora egyptensis,Data Deficient,11.3,NB,5,intra,Lobophylliidae
Oxypora lacera,Least Concern,8.8,MB,5,intra,Lobophylliidae
Pachyseris foliosa,Least Concern,6.3,MB,6,intra,Scleractinia incertae sedis
Pachyseris gemmae,Near Threatened,3.3,MB,6,intra,Scleractinia incertae sedis
Pachyseris involuta,Vulnerable,4.1,MB,6,intra,Scleractinia incertae sedis
Pachyseris rugosa,Vulnerable,4.8,MB,6,intra,Scleractinia incertae sedis
Pachyseris speciosa,Least Concern,4.6,MB,6,intra,Scleractinia incertae sedis
Palauastrea ramosa,Near Threatened,1.2,MB,3,extra,Astrocoeniidae
Paragoniastrea australensis,Least Concern,8.5,NB,7,intra,Merulinidae
Paragoniastrea deformis,Vulnerable,8.8,NB,7,intra,Merulinidae
Paragoniastrea russelli,Near Threatened,6,NB,7,intra,Merulinidae
Paramontastraea peresi,Near Threatened,5,NB,3,extra,Merulinidae
Paramontastraea salebrosa,Vulnerable,4.7,NB,3,extra,Merulinidae
Paramontastraea serageldini,Vulnerable,5,NB,3,extra,Merulinidae
Pavona bipartita,Vulnerable,3.1,NB,5,intra,Agariciidae
Pavona cactus,Vulnerable,1.4,LB,5,intra,Agariciidae
Pavona clavus,Least Concern,3.4,MB,5,intra,Agariciidae
Pavona decussata,Vulnerable,3.5,LB,5,intra,Agariciidae
Pavona diffluens,Vulnerable,2.6,NB,5,intra,Agariciidae
Pavona duerdeni,Least Concern,2.1,NB,5,intra,Agariciidae
Pavona explanulata,Least Concern,3,MB,5,intra,Agariciidae
Pavona frondifera,Least Concern,2.6,LB,5,intra,Agariciidae
Pavona gigantea,Least Concern,5.7,NB,5,intra,Agariciidae
Pavona maldivensis,Least Concern,4.1,MB,5,intra,Agariciidae
Pavona minuta,Near Threatened,3.3,NB,5,intra,Agariciidae
Pavona varians,Least Concern,9.3,LB,5,intra,Agariciidae
Pavona venosa,Vulnerable,9.3,LB,5,intra,Agariciidae
Pectinia africana,Vulnerable,16.6,NB,5,intra,Merulinidae
Pectinia alcicornis,Vulnerable,21.2,LB,5,intra,Merulinidae
Pectinia elongata,Near Threatened,7.5,MB,5,intra,Merulinidae
Pectinia lactuca,Vulnerable,30,LB,5,intra,Merulinidae
Pectinia maxima,Endangered,7.5,MB,5,intra,Merulinidae
Pectinia paeonia,Near Threatened,35,MB,5,intra,Merulinidae
Pectinia pygmaea,Near Threatened,4.7,MB,5,intra,Merulinidae
Pectinia teres,Near Threatened,6.2,MB,5,intra,Merulinidae
Physogyra lichtensteini,Vulnerable,6,NB,5,intra,Plerogyridae
Physophyllia ayleni,Near Threatened,15,MB,5,intra,Merulinidae
Platygyra acuta,Near Threatened,5.2,NB,6,intra,Merulinidae
Platygyra carnosa,Near Threatened,5,NB,6,intra,Merulinidae
Platygyra contorta,Least Concern,5.6,NB,6,intra,Merulinidae
Platygyra crosslandi,Near Threatened,5.9,NB,6,intra,Merulinidae
Platygyra daedalea,Least Concern,5.8,NB,6,intra,Merulinidae
Platygyra lamellina,Near Threatened,9.1,NB,6,intra,Merulinidae
Platygyra pini,Least Concern,7.2,NB,6,intra,Merulinidae
Platygyra ryukyuensis,Near Threatened,3.3,NB,6,intra,Merulinidae
Platygyra sinensis,Least Concern,6.7,NB,6,intra,Merulinidae
Platygyra verweyi,Near Threatened,4.7,NB,6,intra,Merulinidae
Plerogyra discus,Vulnerable,20.8,NB,7,intra,Plerogyridae
Plerogyra simplex,Near Threatened,20,MB,7,intra,Plerogyridae
Plerogyra sinuosa,Near Threatened,30,NB,7,intra,Plerogyridae
Plesiastrea versipora,Least Concern,4.6,NB,3,extra,Plesiastreidae
Pleuractis granulosa,Least Concern,120,NB,0,,Fungiidae
Pleuractis moluccensis,Least Concern,160,NB,0,,Fungiidae
Pleuractis paumotensis,Least Concern,235,NB,0,,Fungiidae
Pleuractis seychellensis,Vulnerable,88.8,NB,0,,Fungiidae
Pleuractis taiwanensis,Vulnerable,193,NB,0,,Fungiidae
Pocillopora ankeli,Vulnerable,1,MB,3,extra,Pocilloporidae
Pocillopora capitata,Least Concern,0.4,HB,3,extra,Pocilloporidae
Pocillopora damicornis,Least Concern,1,MB,3,extra,Pocilloporidae
Pocillopora effusa,Data Deficient,1.1,HB,3,extra,Pocilloporidae
Pocillopora elegans,Vulnerable,1,MB,3,extra,Pocilloporidae
Pocillopora fungiformis,Endangered,0.8,LB,3,extra,Pocilloporidae
Pocillopora grandis,Near Threatened,1,HB,3,extra,Pocilloporidae
Pocillopora indiania,Vulnerable,1.2,MB,3,extra,Pocilloporidae
Pocillopora inflata,Vulnerable,1,MB,3,extra,Pocilloporidae
Pocillopora kelleheri,Least Concern,1.2,HB,3,extra,Pocilloporidae
Pocillopora ligulata,Least Concern,0.8,MB,3,extra,Pocilloporidae
Pocillopora meandrina,Least Concern,0.7,MB,3,extra,Pocilloporidae
Pocillopora molokensis,Data Deficient,1.3,MB,3,extra,Pocilloporidae
Pocillopora verrucosa,Vulnerable,1.2,HB,3,extra,Pocilloporidae
Pocillopora woodjonesi,Least Concern,1.1,HB,3,extra,Pocilloporidae
Pocillopora zelli,Least Concern,1.2,HB,3,extra,Pocilloporidae
Podabacia crustacea,Least Concern,3,LB,5,intra,Fungiidae
Podabacia motuporensis,Near Threatened,2.8,LB,5,intra,Fungiidae
Podabacia sinai,Data Deficient,2.7,MB,5,intra,Fungiidae
Porites annae,Near Threatened,1.1,LB,4,extra,Poritidae
Porites aranetai,Vulnerable,1,LB,4,extra,Poritidae
Porites arnaudi,Least Concern,1.1,MB,4,extra,Poritidae
Porites astreoides,Least Concern,1.6,NB,4,extra,Poritidae
Porites attenuata,Vulnerable,2.1,MB,4,extra,Poritidae
Porites australiensis,Least Concern,1.4,NB,4,extra,Poritidae
Porites branneri,Near Threatened,1.8,LB,4,extra,Poritidae
Porites brighami,Least Concern,1.5,NB,4,extra,Poritidae
Porites cocosensis,Vulnerable,1.5,LB,4,extra,Poritidae
Porites colonensis,Data Deficient,2,MB,4,extra,Poritidae
Porites columnaris,Least Concern,1.5,MB,4,extra,Poritidae
Porites compressa,Least Concern,1.6,LB,4,extra,Poritidae
Porites cumulatus,Vulnerable,1.1,MB,4,extra,Poritidae
Porites cylindrica,Near Threatened,1.1,LB,4,extra,Poritidae
Porites deformis,Near Threatened,1.6,LB,4,extra,Poritidae
Porites densa,Near Threatened,1.3,NB,4,extra,Poritidae
Porites desilveri,Endangered,1,LB,4,extra,Poritidae
Porites divaricata,Least Concern,1.6,HB,4,extra,Poritidae
Porites echinulata,Near Threatened,2.1,MB,4,extra,Poritidae
Porites eridani,Endangered,0.8,LB,4,extra,Poritidae
Porites evermanni,Data Deficient,1,MB,4,extra,Poritidae
Porites flavus,Data Deficient,0.7,MB,4,extra,Poritidae
Porites furcata,Least Concern,1.9,HB,4,extra,Poritidae
Porites harrisoni,Near Threatened,1.1,MB,4,extra,Poritidae
Porites heronensis,Least Concern,1.5,MB,4,extra,Poritidae
Porites horizontalata,Vulnerable,1.7,LB,4,extra,Poritidae
Porites latistellata,Least Concern,1.4,LB,4,extra,Poritidae
Porites lichen,Least Concern,1.4,MB,4,extra,Poritidae
Porites lobata,Near Threatened,1.1,NB,4,extra,Poritidae
Porites lutea,Least Concern,1.3,NB,4,extra,Poritidae
Porites mayeri,Least Concern,1.6,NB,4,extra,Poritidae
Porites monticulosa,Least Concern,1.2,LB,4,extra,Poritidae
Porites murrayensis,Near Threatened,1,NB,4,extra,Poritidae
Porites myrmidonensis,Least Concern,1.4,NB,4,extra,Poritidae
Porites napopora,Vulnerable,0.9,LB,4,extra,Poritidae
Porites negrosensis,Near Threatened,1.7,MB,4,extra,Poritidae
Porites nigrescens,Vulnerable,1.6,MB,4,extra,Poritidae
Porites nodifera,Least Concern,1.6,MB,4,extra,Poritidae
Porites okinawensis,Vulnerable,1.3,NB,4,extra,Poritidae
Porites ornata,Endangered,1.5,MB,4,extra,Poritidae
Porites panamensis,Least Concern,0.9,NB,4,extra,Poritidae
Porites porites,Least Concern,2.5,HB,4,extra,Poritidae
Porites profundus,Least Concern,0.9,MB,4,extra,Poritidae
Porites pukoensis,Critically Endangered,1.7,MB,4,extra,Poritidae
Porites rugosus,Vulnerable,0.9,MB,4,extra,Poritidae
Porites rus,Least Concern,0.8,LB,4,extra,Poritidae
Porites solida,Least Concern,1.6,NB,4,extra,Poritidae
Porites somaliensis,Near Threatened,2.3,NB,4,extra,Poritidae
Porites stephensoni,Near Threatened,1.3,NB,4,extra,Poritidae
Porites vaughani,Least Concern,0.8,LB,4,extra,Poritidae
Psammocora columna,Least Concern,6,NB,4,intra,Psammocoridae
Psammocora contigua,Near Threatened,1.5,MB,4,intra,Psammocoridae
Psammocora digitata,Near Threatened,2.3,MB,4,intra,Psammocoridae
Psammocora exesa,Least Concern,6.1,MB,4,intra,Psammocoridae
Psammocora haimiana,Least Concern,4.6,NB,4,intra,Psammocoridae
Psammocora nierstraszi,Near Threatened,2.3,NB,4,intra,Psammocoridae
Psammocora profundacella,Least Concern,2.5,NB,4,intra,Psammocoridae
Psammocora stellata,Vulnerable,2.5,NB,4,intra,Psammocoridae
Pseudodiploria clivosa,Least Concern,5.8,NB,5,intra,Faviidae
Pseudodiploria strigosa,Least Concern,5.1,NB,5,intra,Faviidae
Sandalolitha dentata,Least Concern,3.5,NB,5,intra,Fungiidae
Sandalolitha robusta,Least Concern,4.6,NB,5,intra,Fungiidae
Schizoculina africana,Data Deficient,9.1,HB,3,extra,Oculinidae
Schizoculina fissipara,Data Deficient,3.4,LB,3,extra,Oculinidae
Sclerophyllia maxima,Near Threatened,40,NB,4,intra,Lobophylliidae
Scolymia cubensis,Least Concern,56.5,NB,0,both,Faviidae
Seriatopora aculeata,Vulnerable,0.5,MB,3,extra,Pocilloporidae
Seriatopora caliendrum,Near Threatened,1.1,MB,3,extra,Pocilloporidae
Seriatopora guttata,Least Concern,0.6,MB,3,extra,Pocilloporidae
Seriatopora hystrix,Least Concern,0.8,MB,3,extra,Pocilloporidae
Seriatopora stellata,Near Threatened,0.6,MB,3,extra,Pocilloporidae
Siderastrea radians,Least Concern,3,NB,4,extra,Siderastreidae
Siderastrea savignyana,Least Concern,3.8,NB,4,extra,Siderastreidae
Siderastrea siderea,Critically Endangered,4.5,NB,4,extra,Siderastreidae
Siderastrea stellata,Data Deficient,3,NB,4,extra,Siderastreidae
Simplastrea vesicularis,Data Deficient,4.2,LB,3,extra,Euphylliidae
Sinuorota hexagonalis,Least Concern,29,NB,0,,Fungiidae
Solenastrea bournoni,Least Concern,20.5,NB,3,extra,Scleractinia incertae sedis
Solenastrea hyades,Least Concern,4.2,NB,3,extra,Scleractinia incertae sedis
Stephanocoenia intersepta,Least Concern,2.7,NB,3,extra,Astrocoeniidae
Stylaraea punctata,Data Deficient,1.2,LB,3,extra,Poritidae
Stylocoeniella armata,Least Concern,2.3,LB,3,extra,Astrocoeniidae
Stylocoeniella cocosensis,Vulnerable,0.7,LB,3,extra,Astrocoeniidae
Stylocoeniella guentheri,Least Concern,1.1,LB,3,extra,Astrocoeniidae
Stylophora danae,Least Concern,1.1,MB,3,extra,Pocilloporidae
Stylophora kuehlmanni,Least Concern,0.7,MB,3,extra,Pocilloporidae
Stylophora madagascarensis,Endangered,0.8,MB,3,extra,Pocilloporidae
Stylophora mamillata,Least Concern,1,LB,3,extra,Pocilloporidae
Stylophora pistillata,Near Threatened,1.4,MB,3,extra,Pocilloporidae
Stylophora subseriata,Least Concern,0.7,MB,3,extra,Pocilloporidae
Stylophora wellsi,Near Threatened,0.7,MB,3,extra,Pocilloporidae
Trachyphyllia geoffroyi,Near Threatened,4,NB,7,intra,Merulinidae
Turbinaria bifrons,Vulnerable,1.6,MB,3,extra,Dendrophylliidae
Turbinaria conspicua,Least Concern,1.6,MB,3,extra,Dendrophylliidae
Turbinaria frondens,Least Concern,1.1,MB,3,extra,Dendrophylliidae
Turbinaria heronensis,Vulnerable,4.4,MB,3,extra,Dendrophylliidae
Turbinaria irregularis,Least Concern,2.1,MB,3,extra,Dendrophylliidae
Turbinaria mesenterina,Vulnerable,3.5,MB,3,extra,Dendrophylliidae
Turbinaria patula,Vulnerable,3.5,MB,3,extra,Dendrophylliidae
Turbinaria radicalis,Near Threatened,2.5,LB,3,extra,Dendrophylliidae
Turbinaria reniformis,Vulnerable,4.2,MB,3,extra,Dendrophylliidae
Turbinaria stellulata,Vulnerable,3.3,NB,3,extra,Dendrophylliidae
Zoopilus echinatus,Least Concern,20,NB,5,intra,Fungiidae
