"sp","iucn","corallite","branching","budding","family","integration","max_depth","branching","range"
"Micromussa amakusensis","Near Threatened",5.7,"LB","both","Lobophylliidae",3,30,"LB","12833.1551337246"
"Homophyllia bowerbanki","Vulnerable",25,"NB","intra","Lobophylliidae",4,20,"NB","14273.6647018014"
"Acanthastrea echinata","Least Concern",25,"NB","both","Lobophylliidae",3,50,"NB","20001.0553705966"
"Micromussa lordhowensis","Near Threatened",7.5,"NB","both","Lobophylliidae",3,30,"NB","13126.3735337172"
"Sclerophyllia maxima","Near Threatened",40,"NB","intra","Lobophylliidae",4,15,"NB","1056.09290421323"
"Acanthastrea minuta","Near Threatened",6.4,"NB","both","Lobophylliidae",3,30,"NB","1641.75243450022"
"Acanthastrea subechinata","Near Threatened",12.8,"NB","both","Lobophylliidae",3,35,"NB","12587.8828486988"
"Cynarina lacrymalis","Near Threatened",85,"NB","intra","Lobophylliidae",0,70,"NB","12447.0934644707"
"Acropora abrolhosensis","Vulnerable",1.5,"HB","extra","Acroporidae",3,40,"HB","7600.32977590383"
"Acropora abrotanoides","Least Concern",1.2,"HB","extra","Acroporidae",3,26,"HB","19328.1200364106"
"Acropora aculeus","Vulnerable",1,"MB","extra","Acroporidae",3,60,"MB","18495.8243634107"
"Acropora acuminata","Vulnerable",1.2,"HB","extra","Acroporidae",3,25,"HB","18748.2928699868"
"Acropora donei","Vulnerable",1.4,"HB","extra","Acroporidae",3,45,"HB","14690.8131592692"
"Acropora anthocercis","Vulnerable",1.3,"LB","extra","Acroporidae",3,25,"LB","18955.0451144918"
"Acropora arabensis","Near Threatened",2,"LB","extra","Acroporidae",3,12,"LB","4783.04877409561"
"Acropora aspera","Vulnerable",1.8,"HB","extra","Acroporidae",3,15,"HB","18502.3495041274"
"Acropora austera","Near Threatened",1.5,"HB","extra","Acroporidae",3,40,"MB","19655.6358509197"
"Acropora awi","Vulnerable",1,"HB","extra","Acroporidae",3,20,"HB","7501.32580298105"
"Acropora nana","Near Threatened",1,"MB","extra","Acroporidae",3,15,"MB","18471.1226517445"
"Acropora batunai","Vulnerable",0.5,"LB","extra","Acroporidae",3,45,"LB","4602.61890694883"
"Acropora hyacinthus","Near Threatened",1.1,"LB","extra","Acroporidae",3,26,"LB","19885.9399258889"
"Isopora brueggemanni","Vulnerable",1.6,"HB","extra","Acroporidae",3,35,"HB","11484.9972075477"
"Acropora bushyensis","Least Concern",1.5,"LB","extra","Acroporidae",3,5,"LB","14109.0095667626"
"Acropora carduus","Near Threatened",0.9,"HB","extra","Acroporidae",3,50,"HB","10966.9981174172"
"Acropora caroliniana","Vulnerable",1,"LB","extra","Acroporidae",3,40,"LB","13224.86456716"
"Acropora cerealis","Least Concern",0.8,"MB","extra","Acroporidae",3,40,"MB","19444.2569308539"
"Acropora cervicornis","Critically Endangered",1.7,"HB","extra","Acroporidae",3,60,"HB","3761.95059902553"
"Acropora chesterfieldensis","Least Concern",1,"MB","extra","Acroporidae",3,40,"MB","11117.5507338367"
"Acropora clathrata","Least Concern",0.9,"LB","extra","Acroporidae",3,40,"LB","19878.448214427"
"Acropora millepora","Near Threatened",1.6,"MB","extra","Acroporidae",3,30,"MB","16404.3597575214"
"Acropora muricata","Near Threatened",1.2,"HB","extra","Acroporidae",3,30,"HB","19870.724421227"
"Isopora crateriformis","Vulnerable",0.8,"LB","extra","Acroporidae",3,25,"LB","16470.9033447892"
"Isopora cuneata","Vulnerable",1,"LB","extra","Acroporidae",3,20,"LB","17635.5102950759"
"Isopora togianensis","Endangered",1.2,"HB","extra","Acroporidae",3,25,"HB","4.58999247799822"
"Acropora cytherea","Least Concern",1,"LB","extra","Acroporidae",3,67,"LB","19827.2164446245"
"Acropora dendrum","Vulnerable",1.2,"MB","extra","Acroporidae",3,20,"MB","8226.38679496675"
"Acropora derawanensis","Vulnerable",1,"HB","extra","Acroporidae",3,30,"HB","4453.55418093279"
"Acropora desalwii","Vulnerable",0.8,"MB","extra","Acroporidae",3,35,"MB","12699.1814526864"
"Acropora digitifera","Near Threatened",1.6,"LB","extra","Acroporidae",3,22,"LB","19597.0764024295"
"Acropora divaricata","Near Threatened",1.1,"LB","extra","Acroporidae",3,25,"LB","19512.1549549005"
"Acropora downingi","Least Concern",1,"LB","extra","Acroporidae",3,10,"LB","5642.35751500696"
"Acropora echinata","Vulnerable",1,"HB","extra","Acroporidae",3,60,"HB","12124.5024056898"
"Acropora elegans","Vulnerable",0.8,"LB","extra","Acroporidae",3,60,"LB","4853.01321530329"
"Acropora elseyi","Least Concern",0.9,"HB","extra","Acroporidae",3,35,"HB","18719.1804798631"
"Acropora florida","Near Threatened",1.4,"HB","extra","Acroporidae",3,40,"HB","18471.1226517445"
"Acropora gemmifera","Least Concern",1.6,"LB","extra","Acroporidae",3,18,"LB","19065.8759931675"
"Acropora glauca","Near Threatened",1.3,"LB","extra","Acroporidae",3,20,"LB","19178.2238579505"
"Acropora globiceps","Vulnerable",2.1,"LB","extra","Acroporidae",3,20,"LB","15724.673370969"
"Acropora grandis","Least Concern",1.7,"HB","extra","Acroporidae",3,25,"HB","17802.4847820961"
"Acropora granulosa","Near Threatened",0.9,"LB","extra","Acroporidae",3,65,"LB","18472.4001938111"
"Acropora halmaherae","Data Deficient",0.9,"HB","extra","Acroporidae",3,25,NA,"6061.90869127275"
"Acropora hemprichii","Vulnerable",1.2,"HB","extra","Acroporidae",3,15,"HB","6378.1315320821"
"Acropora hoeksemai","Vulnerable",1.1,"HB","extra","Acroporidae",3,22,"HB","8133.95552401824"
"Acropora horrida","Vulnerable",1.5,"MB","extra","Acroporidae",3,40,"MB","18551.3975194622"
"Acropora humilis","Near Threatened",1.8,"LB","extra","Acroporidae",3,20,"LB","19624.8328630109"
"Acropora papillare","Vulnerable",1.6,"HB","extra","Acroporidae",3,23,"HB","10380.2646361967"
"Acropora indonesia","Vulnerable",1,"HB","extra","Acroporidae",3,26,"HB","13671.2660758364"
"Acropora microphthalma","Least Concern",1,"HB","extra","Acroporidae",3,40,"MB","18714.7500397163"
"Acropora selago","Near Threatened",0.9,"MB","extra","Acroporidae",3,40,"MB","18748.2928699868"
"Acropora jacquelineae","Vulnerable",0.5,"LB","extra","Acroporidae",3,36,"LB","4260.41125411777"
"Acropora japonica","Data Deficient",0.9,"LB","extra","Acroporidae",3,8,"LB",NA
"Acropora kimbeensis","Vulnerable",0.6,"MB","extra","Acroporidae",3,40,"MB","6306.19685977969"
"Acropora kirstyae","Vulnerable",0.8,"MB","extra","Acroporidae",3,30,"MB","9851.17679291782"
"Acropora kosurini","Vulnerable",0.8,"HB","extra","Acroporidae",3,20,"HB","14711.272117213"
"Acropora latistella","Least Concern",0.9,"MB","extra","Acroporidae",3,40,"MB","19788.4797198234"
"Acropora loripes","Near Threatened",1.2,"MB","extra","Acroporidae",3,40,"MB","19878.448214427"
"Acropora listeri","Vulnerable",1,"MB","extra","Acroporidae",3,17.5,"MB","18988.8706180881"
"Acropora loisetteae","Vulnerable",1.6,"HB","extra","Acroporidae",3,30,"HB","8076.0639757122"
"Acropora lokani","Vulnerable",0.9,"MB","extra","Acroporidae",3,40,"MB","4994.35086820787"
"Acropora longicyathus","Least Concern",1.3,"HB","extra","Acroporidae",3,25,"HB","17602.4436543652"
"Acropora lutkeni","Near Threatened",1.2,"HB","extra","Acroporidae",3,26,"HB","19788.0315588516"
"Acropora tenuis","Near Threatened",1.2,"MB","extra","Acroporidae",3,30,"MB","18088.8445116945"
"Acropora squarrosa","Least Concern",0.8,"MB","extra","Acroporidae",3,60,"MB","17296.6579092598"
"Acropora polystoma","Vulnerable",1.5,"MB","extra","Acroporidae",3,17.5,"MB","19268.7711133812"
"Acropora microclados","Vulnerable",1.2,"MB","extra","Acroporidae",3,42,"MB","19839.9243631085"
"Acropora palmerae","Vulnerable",1.3,"LB","extra","Acroporidae",3,23,"LB","16334.5177246161"
"Acropora monticulosa","Near Threatened",1.2,"LB","extra","Acroporidae",3,14,"LB","19055.11882826"
"Acropora multiacuta","Vulnerable",2,"MB","extra","Acroporidae",3,30,"MB","9752.16290637321"
"Acropora nasuta","Near Threatened",1.1,"MB","extra","Acroporidae",3,30,"MB","19878.5929736517"
"Isopora palifera","Near Threatened",1.4,"HB","extra","Acroporidae",3,40,"HB","18519.7158999489"
"Acropora palmata","Critically Endangered",1.6,"HB","extra","Acroporidae",3,40,"HB","14241.7569077535"
"Acropora paniculata","Vulnerable",0.8,"LB","extra","Acroporidae",3,42,"LB","18947.813529816"
"Acropora valida","Least Concern",0.9,"MB","extra","Acroporidae",3,45,"LB","19895.26344891"
"Acropora pharaonis","Vulnerable",1.5,"LB","extra","Acroporidae",3,25,"LB","16272.1392861588"
"Acropora pichoni","Near Threatened",0.9,"LB","extra","Acroporidae",3,70,"LB","5407.95706027199"
"Acropora robusta","Least Concern",1.5,"HB","extra","Acroporidae",3,20,"HB","18760.3181315662"
"Acropora plumosa","Vulnerable",1.2,"LB","extra","Acroporidae",3,30,"LB","4857.65523012635"
"Acropora pruinosa","Data Deficient",1.6,"MB","extra","Acroporidae",3,20,"MB","3378.750450369"
"Acropora pulchra","Least Concern",1.2,"HB","extra","Acroporidae",3,20,"HB","17228.7497937952"
"Acropora speciosa","Vulnerable",0.8,"MB","extra","Acroporidae",3,65,"MB","16949.4708028399"
"Acropora retusa","Vulnerable",0.9,"LB","extra","Acroporidae",3,28.5,"LB","19055.11882826"
"Acropora roseni","Endangered",1.6,"HB","extra","Acroporidae",3,12,"HB","3861.84610046756"
"Acropora rudis","Endangered",1.2,"HB","extra","Acroporidae",3,30,"HB","2818.80206886672"
"Acropora russelli","Vulnerable",1,"MB","extra","Acroporidae",3,30,"MB","8520.57155234257"
"Acropora samoensis","Least Concern",1.8,"LB","extra","Acroporidae",3,15,"MB","19955.7937504208"
"Acropora sarmentosa","Least Concern",2,"MB","extra","Acroporidae",3,26,"MB","15474.6080519821"
"Acropora secale","Near Threatened",1.2,"MB","extra","Acroporidae",3,30,"MB","19878.448214427"
"Acropora simplex","Vulnerable",0.8,"LB","extra","Acroporidae",3,60,"LB","4146.63994293344"
"Acropora solitaryensis","Vulnerable",1.1,"LB","extra","Acroporidae",3,40,"LB","18065.9681523587"
"Acropora spicifera","Vulnerable",1.1,"LB","extra","Acroporidae",3,12,"LB","16974.7409961493"
"Acropora stoddarti","Data Deficient",1.3,"LB","extra","Acroporidae",3,30,"LB","5555.72419877339"
"Acropora striata","Vulnerable",1.1,"MB","extra","Acroporidae",3,34.1,"MB","19787.46999748"
"Acropora subglabra","Least Concern",0.8,"HB","extra","Acroporidae",3,40,"HB","12469.8229841468"
"Acropora subulata","Least Concern",1.2,"LB","extra","Acroporidae",3,30,"LB","18306.2681287652"
"Acropora suharsonoi","Endangered",0.8,"MB","extra","Acroporidae",3,25,"MB","46.4126110658722"
"Acropora tanegashimensis","Data Deficient",0.8,"LB","extra","Acroporidae",3,15,"LB","0"
"Acropora tenella","Vulnerable",0.8,"LB","extra","Acroporidae",3,70,"LB","5591.7079398035"
"Acropora torihalimeda","Data Deficient",0.8,"MB","extra","Acroporidae",3,63,"MB","23.1280104150986"
"Acropora tortuosa","Least Concern",1.3,"MB","extra","Acroporidae",3,35,"MB","18398.6469860495"
"Acropora tumida","Data Deficient",1.4,"MB","extra","Acroporidae",3,40,"MB","2437.86429482996"
"Acropora turaki","Vulnerable",0.8,"HB","extra","Acroporidae",3,20,"HB","6808.73547450657"
"Acropora valenciennesi","Least Concern",1.5,"HB","extra","Acroporidae",3,45,"HB","16199.1292478298"
"Acropora variolosa","Least Concern",1.2,"HB","extra","Acroporidae",3,30,"HB","5320.75314630027"
"Acropora vaughani","Vulnerable",1.1,"MB","extra","Acroporidae",3,40,"MB","19955.7937504208"
"Acropora verweyi","Vulnerable",1.1,"MB","extra","Acroporidae",3,29,"MB","18912.9998191839"
"Acropora walindii","Vulnerable",0.5,"HB","extra","Acroporidae",3,40,"HB","9580.12990667368"
"Acropora willisae","Vulnerable",1,"MB","extra","Acroporidae",3,40,"MB","14557.4216698093"
"Acropora yongei","Least Concern",1.2,"MB","extra","Acroporidae",3,21,"MB","15985.08576524"
"Agaricia agaricites","Least Concern",5.5,"MB","intra","Agariciidae",6,75,"MB","8055.73698943834"
"Agaricia fragilis","Data Deficient",5,"LB","intra","Agariciidae",6,102,"LB","8209.74371021357"
"Agaricia grahamae","Least Concern",6.5,"MB","intra","Agariciidae",6,115,"MB","3339.31712760537"
"Agaricia humilis","Least Concern",6,"LB","intra","Agariciidae",6,20,"LB","8445.21738270104"
"Agaricia lamarcki","Vulnerable",7.9,"MB","intra","Agariciidae",6,76,"MB","17883.6119610917"
"Agaricia tenuifolia","Near Threatened",5.1,"MB","intra","Agariciidae",6,18,"MB","16165.3005921046"
"Agaricia undata","Data Deficient",6,"MB","intra","Agariciidae",6,80,"MB","3856.50619250008"
"Alveopora allingi","Vulnerable",3.7,"MB","extra","Acroporidae",4,60,"MB","19842.2809632655"
"Alveopora catalai","Near Threatened",4.1,"MB","extra","Acroporidae",4,30,"MB","13916.1237393522"
"Alveopora daedalea","Vulnerable",2.2,"MB","extra","Acroporidae",4,30,"MB","13060.4390940693"
"Alveopora excelsa","Endangered",2,"NB","extra","Acroporidae",4,30,"NB","10401.2335785296"
"Alveopora fenestrata","Vulnerable",3.4,"NB","extra","Acroporidae",4,30,"NB","19910.2671044694"
"Alveopora gigas","Vulnerable",6.6,"MB","extra","Acroporidae",4,30,"MB","12065.2122464222"
"Alveopora japonica","Vulnerable",2.7,"NB","extra","Acroporidae",4,NA,"NB",NA
"Alveopora marionensis","Vulnerable",3.4,"NB","extra","Acroporidae",4,30,"NB","11461.7583084131"
"Alveopora minuta","Endangered",1.3,"NB","extra","Acroporidae",4,20,"NB","4954.2121474591"
"Alveopora ocellata","Data Deficient",1.5,"LB","extra","Acroporidae",4,60,"LB","23.4317295140078"
"Alveopora spongiosa","Near Threatened",1.5,"MB","extra","Acroporidae",4,50,"MB","16114.5694591937"
"Alveopora tizardi","Least Concern",1.5,"LB","extra","Acroporidae",4,50,"LB","12436.5011045994"
"Alveopora verrilliana","Vulnerable",2.1,"NB","extra","Acroporidae",4,70,"NB","12053.0996369103"
"Alveopora viridis","Near Threatened",1.7,"MB","extra","Acroporidae",4,50,"MB","15268.7374519772"
"Anacropora forbesi","Least Concern",0.5,"MB","extra","Acroporidae",3,25,"MB","15152.1423946603"
"Anacropora matthai","Vulnerable",0.6,"MB","extra","Acroporidae",3,20,"MB","13263.5102581904"
"Anacropora pillai","Data Deficient",0.6,"MB","extra","Acroporidae",3,25,"MB",NA
"Anacropora puertogalerae","Vulnerable",0.8,"MB","extra","Acroporidae",3,20,"MB","13966.902785801"
"Anacropora reticulata","Vulnerable",0.9,"MB","extra","Acroporidae",3,15,"MB","5235.14683731663"
"Anacropora spinosa","Endangered",0.9,"MB","extra","Acroporidae",3,15,"MB","2141.93470092742"
"Anacropora spumosa","Data Deficient",0.7,"MB","extra","Acroporidae",3,15,"MB","5062.5764551366"
"Anomastraea irregularis","Vulnerable",5.4,"NB","both","Coscinaraeidae",3,20,"NB","7173.11094344364"
"Astreopora cucullata","Vulnerable",2.3,"NB","extra","Acroporidae",3,15,"NB","14379.3424798481"
"Astreopora expansa","Near Threatened",2.3,"MB","extra","Acroporidae",3,15,"MB","18076.8819339829"
"Astreopora gracilis","Least Concern",1.6,"NB","extra","Acroporidae",3,15,"NB","18737.1554852505"
"Astreopora incrustans","Vulnerable",0.9,"LB","extra","Acroporidae",3,40,"LB","15282.0480275321"
"Astreopora listeri","Least Concern",1.6,"NB","extra","Acroporidae",3,30,"NB","18088.8445116945"
"Astreopora macrostoma","Near Threatened",2.5,"LB","extra","Acroporidae",3,15,"LB","6445.19777584562"
"Astreopora moretonensis","Vulnerable",2.5,"MB","extra","Acroporidae",3,15,"MB","7675.45699764794"
"Astreopora myriophthalma","Least Concern",2.3,"NB","extra","Acroporidae",3,50,"NB","18727.5894412305"
"Astreopora ocellata","Least Concern",2.5,"NB","extra","Acroporidae",3,30,"NB","15325.98648851"
"Astreopora randalli","Least Concern",1.5,"MB","extra","Acroporidae",3,15,"MB","18519.7158999489"
"Astreopora scabra","Least Concern",2.5,"NB","extra","Acroporidae",3,15,"NB","0.000134414476389852"
"Astreopora suggesta","Least Concern",1.6,"NB","extra","Acroporidae",3,15,"NB","14088.0470275387"
"Australogyra zelli","Vulnerable",7.2,"MB","intra","Merulinidae",5,15,"MB","4715.40635226677"
"Lobophyllia rowleyensis","Near Threatened",8.5,"NB","intra","Lobophylliidae",2,40,"NB","6782.349128622"
"Dipsastraea amicorum","Least Concern",6,"NB","intra","Merulinidae",3,20,"NB","19980.9487167049"
"Dipsastraea laddi","Vulnerable",6.8,"NB","intra","Merulinidae",3,10,"NB","3852.53110660201"
"Blastomussa wellsi","Near Threatened",18.9,"NB","extra","Plerogyridae",2,40,"NB","10526.7289590534"
"Boninastrea boninensis","Data Deficient",6.5,"NB","intra","Merulinidae",4,NA,"NB","0"
"Cantharellus doederleini","Least Concern",53.3,"NB","","Fungiidae",0,30,"NB","3861.84610046756"
"Cantharellus jebbi","Least Concern",20,"LB","","Fungiidae",0,25,"LB","3912.70181668514"
"Cantharellus noumeae","Endangered",200,"LB","","Fungiidae",0,30,"LB","14928.9646204048"
"Catalaphyllia jardinei","Vulnerable",21.3,"NB","intra","Merulinidae",7,40,"NB","13891.5748827864"
"Caulastraea echinulata","Vulnerable",9.4,"NB","intra","Merulinidae",2,18,"NB",NA
"Caulastraea furcata","Least Concern",7.2,"NB","intra","Merulinidae",2,30,"NB",NA
"Cladocora arbuscula","Least Concern",2.9,"MB","extra","Scleractinia incertae sedis",2,25,"MB","14228.708457426"
"Cladocora caespitosa","Endangered",4.5,"NB","extra","Scleractinia incertae sedis",2,NA,"NB","9807.73209262195"
"Coeloseris mayeri","Least Concern",8.1,"NB","intra","Agariciidae",4,5,"NB","16610.9239735216"
"Colpophyllia natans","Least Concern",8.7,"NB","intra","Faviidae",6,55,"NB","4089.37339766772"
"Psammocora columna","Least Concern",6,"NB","intra","Psammocoridae",4,30,"NB",NA
"Coscinaraea crassa","Near Threatened",8.6,"LB","both","Coscinaraeidae",3,30,"LB","11630.735762867"
"Psammocora exesa","Least Concern",6.1,"MB","intra","Psammocoridae",4,35,"MB",NA
"Coscinaraea hahazimaensis","Vulnerable",3,"NB","both","Coscinaraeidae",3,NA,"NB","0"
"Coscinaraea marshae","Least Concern",5.3,"LB","both","Coscinaraeidae",3,NA,"LB","9017.69183502313"
"Coscinaraea mcneilli","Least Concern",5.8,"LB","both","Coscinaraeidae",3,NA,"LB","3873.07417314353"
"Coscinaraea monile","Least Concern",50,"NB","both","Coscinaraeidae",3,70,"NB","14939.2936412358"
"Cycloseris wellsi","Least Concern",34,"MB","intra","Fungiidae",0,58,"MB","13272.6346947263"
"Ctenactis albitentaculata","Near Threatened",260,"NB","intra","Fungiidae",0,20,"NB","8477.55858326096"
"Ctenactis crassa","Least Concern",236,"NB","intra","Fungiidae",0,67,"NB","11862.6574332956"
"Ctenactis echinata","Least Concern",284,"NB","intra","Fungiidae",0,20,"NB","19328.1200364106"
"Lithophyllon spinifer","Least Concern",118,"NB","intra","Fungiidae",5,40,"NB","6356.67700627619"
"Cycloseris tenuis","Least Concern",46.7,"NB","intra","Fungiidae",0,27,"NB","19099.0114196809"
"Cycloseris fragilis","Least Concern",48,"NB","intra","Fungiidae",0,40,"NB","18806.9108958762"
"Cyphastrea agassizi","Vulnerable",2.2,"NB","extra","Merulinidae",3,20,"NB","12071.6758708394"
"Cyphastrea chalcidicum","Least Concern",2.8,"NB","extra","Merulinidae",3,50,"NB","19821.4292557355"
"Cyphastrea decadia","Least Concern",2.8,"MB","extra","Merulinidae",3,40,"MB","3975.4604620623"
"Cyphastrea hexasepta","Vulnerable",1,"NB","extra","Merulinidae",3,25,"NB","0"
"Cyphastrea japonica","Least Concern",1.9,"NB","extra","Merulinidae",3,20,"NB","5195.14753958643"
"Cyphastrea microphthalma","Least Concern",2.7,"NB","extra","Merulinidae",3,50,"NB","17180.4450268684"
"Cyphastrea ocellina","Vulnerable",2.5,"NB","extra","Merulinidae",3,20,"NB","10958.6700737294"
"Cyphastrea serailia","Least Concern",2.4,"NB","extra","Merulinidae",3,50,"NB","19799.5483726661"
"Dendrogyra cylindrus","Vulnerable",4.2,"MB","intra","Meandrinidae",6,25,"MB","3055.55462002241"
"Dichocoenia stokesii","Vulnerable",4.7,"NB","intra","Meandrinidae",3,72,"NB","13130.2259363562"
"Diploastrea heliopora","Near Threatened",9,"NB","extra","Diploastraeidae",4,30,"NB","16470.9033447892"
"Pseudodiploria clivosa","Least Concern",5.8,"NB","intra","Faviidae",5,NA,"NB","3904.73512910091"
"Diploria labyrinthiformis","Least Concern",5.8,"NB","intra","Faviidae",6,43,"NB","12459.281736805"
"Pseudodiploria strigosa","Least Concern",5.1,"NB","intra","Faviidae",5,NA,"NB","17762.5222682593"
"Duncanopsammia axifuga","Near Threatened",6.7,"MB","extra","Dendrophylliidae",1,30,"MB","3932.82409331014"
"Echinomorpha nishihirai","Near Threatened",115.5,"LB","intra","Lobophylliidae",0,40,"LB","11162.2512392591"
"Echinophyllia aspera","Least Concern",8.8,"MB","intra","Lobophylliidae",5,90,"MB","18661.8467732102"
"Echinophyllia costata","Vulnerable",6,"MB","intra","Lobophylliidae",5,10,"MB","0"
"Oxypora echinata","Least Concern",12.9,"MB","intra","Lobophylliidae",5,40,"MB",NA
"Echinophyllia echinoporoides","Least Concern",5.7,"LB","intra","Lobophylliidae",5,30,"LB","13013.5228220756"
"Pectinia maxima","Endangered",7.5,"MB","intra","Merulinidae",5,25,"MB","481.218140647348"
"Echinophyllia orpheensis","Least Concern",10.1,"NB","intra","Lobophylliidae",5,30,"NB","14255.7889284266"
"Echinophyllia patula","Least Concern",7,"MB","intra","Lobophylliidae",5,40,"MB","7907.66905992065"
"Echinophyllia pectinata","Data Deficient",7.2,"LB","intra","Lobophylliidae",5,40,"LB",NA
"Echinopora taylorae","Near Threatened",5,"MB","extra","Merulinidae",3,12,"MB",NA
"Echinopora ashmorensis","Vulnerable",5.1,"LB","extra","Merulinidae",3,20,"LB","0.000134414476389852"
"Echinopora forskaliana","Near Threatened",5.8,"NB","extra","Merulinidae",3,20,"NB","5099.1990685785"
"Echinopora fruticulosa","Near Threatened",4.8,"MB","extra","Merulinidae",3,20,"MB","9.50453877449036e-05"
"Echinopora gemmacea","Least Concern",4.2,"MB","extra","Merulinidae",3,50,"MB","17133.4326777179"
"Echinopora hirsutissima","Least Concern",4.2,"NB","extra","Merulinidae",3,40,"NB","13928.2450453593"
"Echinopora horrida","Near Threatened",2.4,"LB","extra","Merulinidae",3,25,"LB","11860.6929452162"
"Echinopora irregularis","Data Deficient",4.2,"LB","extra","Merulinidae",3,4,"LB","1898.42954690686"
"Echinopora lamellosa","Least Concern",3.4,"MB","extra","Merulinidae",3,50,"MB","17210.8709245552"
"Echinopora mammiformis","Near Threatened",8.9,"LB","extra","Merulinidae",3,15,"LB","5719.24640065089"
"Echinopora pacifica","Near Threatened",4.6,"MB","extra","Merulinidae",3,15,"MB","6561.70337269824"
"Echinopora robusta","Vulnerable",8.6,"NB","extra","Merulinidae",3,25,"NB","3861.84610046756"
"Echinopora tiranensis","Data Deficient",3.5,"LB","extra","Merulinidae",3,15,"LB","0"
"Fimbriaphyllia ancora","Vulnerable",45,"NB","intra","Euphylliidae",7,30,"NB","12130.0106237153"
"Euphyllia cristata","Vulnerable",25,"NB","intra","Euphylliidae",7,35,"NB","9086.2093226937"
"Fimbriaphyllia divisa","Near Threatened",22,"NB","intra","Euphylliidae",7,35,"NB","9086.2093226937"
"Euphyllia glabrescens","Near Threatened",8,"NB","intra","Euphylliidae",7,35,"NB","16338.9079820367"
"Fimbriaphyllia paraancora","Vulnerable",30,"NB","intra","Euphylliidae",7,30,"NB","3423.26574358925"
"Fimbriaphyllia paradivisa","Vulnerable",45,"NB","intra","Euphylliidae",7,72,"NB","2292.49787883543"
"Euphyllia paraglabrescens","Vulnerable",51,"NB","intra","Euphylliidae",7,15,"NB","0"
"Fimbriaphyllia yaeyamensis","Near Threatened",25.2,"NB","intra","Euphylliidae",7,30,"NB","9.50453877449036e-05"
"Eusmilia fastigiata","Least Concern",20.9,"NB","intra","Meandrinidae",2,65,"NB","4169.53275523781"
"Dipsastraea albida","Near Threatened",8.3,"NB","intra","Merulinidae",3,10,"NB","67.0311111333986"
"Dipsastraea danai","Least Concern",9.2,"NB","intra","Merulinidae",3,20,"NB","16607.4309497244"
"Dipsastraea favus","Least Concern",6.5,"NB","intra","Merulinidae",3,50,"NB","17602.4436543652"
"Favia fragum","Least Concern",5.8,"NB","intra","Faviidae",3,30,"NB","15224.7767336443"
"Dipsastraea helianthoides","Near Threatened",9,"NB","intra","Merulinidae",3,20,"NB","14268.6550693605"
"Dipsastraea lacuna","Near Threatened",9.8,"NB","intra","Merulinidae",3,15,"NB","5062.5764551366"
"Dipsastraea laxa","Near Threatened",5.8,"NB","intra","Merulinidae",3,25,"NB","17602.4436543652"
"Mussismilia leptophylla","Data Deficient",5,"NB","intra","Faviidae",3,NA,"NB","75.4117736930796"
"Dipsastraea lizardensis","Near Threatened",16.7,"NB","intra","Merulinidae",3,20,"NB","12561.1366795575"
"Dipsastraea maritima","Near Threatened",18.8,"NB","intra","Merulinidae",3,30,"NB","13127.3261049538"
"Dipsastraea marshae","Near Threatened",19.3,"NB","intra","Merulinidae",3,15,"NB","2452.03135284579"
"Dipsastraea matthaii","Near Threatened",8.8,"NB","intra","Merulinidae",3,40,"NB","19852.4437386166"
"Dipsastraea pallida","Least Concern",6.8,"NB","intra","Merulinidae",3,50,"NB","19821.4292557355"
"Dipsastraea rosaria","Vulnerable",9.3,"LB","intra","Merulinidae",3,20,"LB","5848.0294568474"
"Dipsastraea rotumana","Least Concern",8.8,"NB","intra","Merulinidae",3,30,"NB","18728.7117467512"
"Favites rotundata","Near Threatened",21.2,"NB","both","Merulinidae",4,20,"NB","13760.8201657223"
"Dipsastraea speciosa","Least Concern",9.9,"NB","intra","Merulinidae",3,45,"NB","19478.489989422"
"Goniastrea stelligera","Near Threatened",5.1,"NB","both","Merulinidae",4,40,"NB","19860.9470737691"
"Dipsastraea truncata","Least Concern",9,"NB","intra","Merulinidae",3,20,"NB","12239.9308609649"
"Dipsastraea veroni","Near Threatened",17.5,"NB","intra","Merulinidae",3,25,"NB","13134.4576399255"
"Dipsastraea vietnamensis","Near Threatened",4.8,"NB","intra","Merulinidae",3,20,"NB","12065.0078371875"
"Favites abdita","Near Threatened",7.5,"NB","both","Merulinidae",4,50,"NB","17602.4436543652"
"Favites acuticollis","Near Threatened",9.3,"NB","both","Merulinidae",4,20,"NB","11842.0590551959"
"Favites chinensis","Near Threatened",7.5,"NB","both","Merulinidae",4,20,"NB","14109.0095667626"
"Favites complanata","Near Threatened",8,"NB","both","Merulinidae",4,50,"NB","17788.0681156481"
"Favites flexuosa","Near Threatened",18.8,"NB","both","Merulinidae",4,20,"NB","17602.4436543652"
"Favites halicora","Near Threatened",16.8,"NB","both","Merulinidae",4,55,"NB","17602.4436543652"
"Favites micropentagonus","Near Threatened",5.2,"NB","both","Merulinidae",4,20,"NB","12370.8025547874"
"Favites paraflexuosus","Near Threatened",16.2,"NB","both","Merulinidae",4,20,"NB","11629.7860837624"
"Favites pentagona","Least Concern",8.5,"NB","both","Merulinidae",4,50,"NB","17787.3716132262"
"Paramontastraea peresi","Near Threatened",5,"NB","extra","Merulinidae",3,40,"NB","5565.86851148411"
"Paragoniastrea russelli","Near Threatened",6,"NB","intra","Merulinidae",7,25,"NB","18088.8445116945"
"Favites spinosa","Vulnerable",8.2,"NB","both","Merulinidae",4,10,"NB","8531.6151027843"
"Favites stylifera","Near Threatened",6.8,"NB","both","Merulinidae",4,20,"NB","14329.4452254305"
"Favites vasta","Near Threatened",17.5,"NB","both","Merulinidae",4,20,"NB","10422.3193424976"
"Lithophyllon concinna","Least Concern",160,"NB","intra","Fungiidae",5,50,"NB","18505.7937382562"
"Danafungia scruposa","Least Concern",111,"NB","","Fungiidae",0,55,"NB","19300.0221077447"
"Cycloseris costulata","Least Concern",76,"NB","intra","Fungiidae",0,30,"NB","16767.2062745742"
"Cycloseris curvata","Vulnerable",81,"NB","intra","Fungiidae",0,73,"NB","19178.2041240224"
"Cycloseris cyclolites","Least Concern",35.7,"NB","intra","Fungiidae",0,40,"NB","17602.4436543652"
"Cycloseris distorta","Least Concern",40,"NB","intra","Fungiidae",0,85,"NB","18812.8166116689"
"Fungia fungites","Near Threatened",158,"NB","extra","Fungiidae",0,50,"NB","19116.9171649487"
"Pleuractis granulosa","Least Concern",120,"NB","","Fungiidae",0,60,"NB","17787.3716132262"
"Sinuorota hexagonalis","Least Concern",29,"NB","","Fungiidae",0,25,"NB","17931.1526590046"
"Danafungia horrida","Least Concern",204,"NB","","Fungiidae",0,25,"NB","18505.7937382562"
"Pleuractis moluccensis","Least Concern",160,"NB","","Fungiidae",0,30,"NB","18566.5962295334"
"Pleuractis paumotensis","Least Concern",235,"NB","","Fungiidae",0,40,"NB","19640.5948297163"
"Lithophyllon repanda","Least Concern",150,"NB","intra","Fungiidae",5,40,"NB","19125.1965093775"
"Lithophyllon scabra","Least Concern",78,"NB","intra","Fungiidae",5,24,"NB","12627.9445758412"
"Lobactis scutaria","Least Concern",169,"NB","intra","Fungiidae",5,40,"NB","19125.1965093775"
"Pleuractis seychellensis","Vulnerable",88.8,"NB","","Fungiidae",0,25,"NB","3861.84610046756"
"Cycloseris sinensis","Least Concern",54.8,"NB","intra","Fungiidae",0,40,"NB","18920.0858586813"
"Cycloseris somervillei","Least Concern",135.2,"NB","intra","Fungiidae",0,35,"NB","11883.0733722154"
"Pleuractis taiwanensis","Vulnerable",193,"NB","","Fungiidae",0,35,"NB",NA
"Cycloseris vaughani","Least Concern",58.5,"NB","intra","Fungiidae",0,36,"NB","19777.314780572"
"Galaxea acrhelia","Vulnerable",5.4,"MB","intra","Euphylliidae",3,15,"MB","7064.05263653439"
"Galaxea astreata","Vulnerable",3.7,"NB","intra","Euphylliidae",3,55,"NB","15268.7374519772"
"Galaxea cryptoramosa","Vulnerable",4.6,"MB","intra","Euphylliidae",3,15,"MB","9.50453877449036e-05"
"Galaxea fascicularis","Near Threatened",5.8,"NB","intra","Euphylliidae",3,22,"NB","17133.6392786364"
"Galaxea horrescens","Least Concern",2.9,"MB","intra","Euphylliidae",3,25,"MB","7111.59095266788"
"Galaxea longisepta","Near Threatened",7.6,"LB","intra","Euphylliidae",3,20,"LB","3013.52140396122"
"Galaxea paucisepta","Near Threatened",3.1,"LB","intra","Euphylliidae",3,20,"LB","5287.44215523074"
"Gardineroseris planulata","Least Concern",5,"NB","intra","Agariciidae",6,40,"NB","19590.1807584334"
"Coelastrea aspera","Least Concern",8.5,"NB","intra","Merulinidae",4,15,"NB","18088.8445116945"
"Paragoniastrea australensis","Least Concern",8.5,"NB","intra","Merulinidae",7,40,"NB","19706.0949385064"
"Goniastrea columella","Near Threatened",17.5,"NB","both","Merulinidae",4,15,"NB","3861.84610046756"
"Paragoniastrea deformis","Vulnerable",8.8,"NB","intra","Merulinidae",7,20,"NB","3861.84610046756"
"Goniastrea edwardsi","Least Concern",5,"NB","both","Merulinidae",4,30,"NB","17602.4436543652"
"Goniastrea favulus","Near Threatened",7.5,"NB","both","Merulinidae",4,15,"NB","18078.0981198944"
"Goniastrea minuta","Near Threatened",5.9,"NB","both","Merulinidae",4,15,"NB","11630.735762867"
"Coelastrea palauensis","Near Threatened",18.8,"NB","intra","Merulinidae",4,30,"NB","12578.4190695623"
"Goniastrea pectinata","Least Concern",5,"NB","both","Merulinidae",4,40,"NB","19887.3862240915"
"Goniastrea ramosa","Vulnerable",7.4,"LB","both","Merulinidae",4,15,"LB","3936.6972651576"
"Goniastrea retiformis","Least Concern",6.5,"NB","both","Merulinidae",4,20,"NB","18789.7124516841"
"Goniastrea thecata","Near Threatened",8.4,"NB","both","Merulinidae",4,15,"NB","5062.5764551366"
"Goniopora albiconus","Vulnerable",3.2,"LB","extra","Poritidae",4,30,"LB","3861.84610046756"
"Goniopora burgosi","Vulnerable",1.7,"NB","extra","Poritidae",4,30,"NB","12361.95659229"
"Goniopora cellulosa","Vulnerable",4.1,"NB","extra","Poritidae",4,20,"NB",NA
"Goniopora ciliatus","Least Concern",3.8,"MB","extra","Poritidae",4,30,"MB","4794.74701299405"
"Goniopora columna","Near Threatened",3.7,"MB","extra","Poritidae",4,15,"MB","15404.0856207253"
"Goniopora djiboutiensis","Least Concern",4.7,"MB","extra","Poritidae",4,58,"MB","14060.459173197"
"Goniopora eclipsensis","Least Concern",3.1,"MB","extra","Poritidae",4,20,"MB","4987.6833753104"
"Goniopora fruticosa","Least Concern",3.7,"LB","extra","Poritidae",4,25,"LB","12761.4996856338"
"Goniopora lobata","Near Threatened",4.6,"MB","extra","Poritidae",4,30,"MB","14088.3467841936"
"Goniopora pedunculata","Near Threatened",2.5,"LB","extra","Poritidae",4,50,"LB","16994.2762650077"
"Goniopora norfolkensis","Least Concern",2.4,"LB","extra","Poritidae",4,30,"LB","12210.5799641676"
"Goniopora palmensis","Least Concern",2.4,"NB","extra","Poritidae",4,20,"NB","5475.21850247806"
"Goniopora pandoraensis","Least Concern",2.7,"MB","extra","Poritidae",4,20,"MB","7331.67469512537"
"Goniopora pearsoni","Least Concern",3.3,"NB","extra","Poritidae",4,NA,"NB","0"
"Goniopora pendulus","Least Concern",5.6,"NB","extra","Poritidae",4,20,"NB","6556.14806663746"
"Goniopora planulata","Vulnerable",3.1,"MB","extra","Poritidae",4,20,"MB","13277.3626301352"
"Goniopora savignyi","Least Concern",2.2,"MB","extra","Poritidae",4,20,"MB","7365.02259318502"
"Goniopora somaliensis","Least Concern",3.1,"LB","extra","Poritidae",4,60,"LB","16610.9239735216"
"Goniopora stokesi","Near Threatened",4.7,"MB","extra","Poritidae",4,30,"MB","13269.8388189383"
"Goniopora sultani","Least Concern",7.8,"MB","extra","Poritidae",4,20,"MB","0"
"Goniopora tenella","Near Threatened",2.9,"LB","extra","Poritidae",4,30,"LB","7156.89533384972"
"Gyrosmilia interrupta","Least Concern",8.1,"NB","intra","Euphylliidae",6,30,"NB","5491.59957991243"
"Halomitra clavator","Vulnerable",5.3,"NB","intra","Fungiidae",5,25,"NB","3937.72747211277"
"Sandalolitha dentata","Least Concern",3.5,"NB","intra","Fungiidae",5,25,"NB","13388.3892693286"
"Halomitra pileus","Least Concern",4.8,"NB","intra","Fungiidae",5,25,"NB","17907.4017660664"
"Heliofungia actiniformis","Vulnerable",142,"NB","intra","Fungiidae",0,25,"NB","13919.7209866134"
"Helioseris cucullata","Least Concern",4.6,"LB","intra","Agariciidae",7,90,"MB","4517.26734158185"
"Horastrea indica","Vulnerable",7.3,"NB","intra","Coscinaraeidae",4,40,"NB","4728.76663571256"
"Hydnophora bonsai","Endangered",4.5,"LB","intra","Merulinidae",3,15,"LB",NA
"Hydnophora exesa","Near Threatened",4.5,"NB","intra","Merulinidae",3,55,"NB","17629.7342533557"
"Hydnophora grandis","Least Concern",4.7,"LB","intra","Merulinidae",3,25,"LB","8669.00935801488"
"Hydnophora microconos","Near Threatened",7.2,"NB","intra","Merulinidae",3,35,"NB","17732.368659002"
"Hydnophora pilosa","Least Concern",8,"MB","intra","Merulinidae",3,30,"MB","15341.5228973807"
"Hydnophora rigida","Least Concern",6.7,"MB","intra","Merulinidae",3,40,"MB","16542.624288645"
"Isophyllia rigida","Least Concern",9.2,"NB","intra","Faviidae",5,20,"NB","2940.19157433076"
"Isophyllia sinuosa","Least Concern",9.2,"NB","intra","Faviidae",5,20,"NB","3065.7907701725"
"Leptastrea aequalis","Vulnerable",2.8,"LB","extra","Scleractinia incertae sedis",4,20,"LB","14269.1154261893"
"Leptastrea bewickensis","Near Threatened",4.2,"LB","extra","Scleractinia incertae sedis",4,20,"LB","7639.70214527432"
"Leptastrea bottae","Near Threatened",3.5,"LB","extra","Scleractinia incertae sedis",4,30,"LB","19875.081954237"
"Leptastrea inaequalis","Near Threatened",4.1,"NB","extra","Scleractinia incertae sedis",4,20,"NB","13258.2534702432"
"Leptastrea purpurea","Least Concern",3.6,"LB","extra","Scleractinia incertae sedis",4,40,"LB","19891.8828699287"
"Leptastrea transversa","Least Concern",9.2,"LB","extra","Scleractinia incertae sedis",4,50,"LB","19861.8440124288"
"Leptoria irregularis","Vulnerable",6.3,"LB","intra","Merulinidae",6,20,"LB","10666.4060925716"
"Leptoria phrygia","Near Threatened",3.5,"NB","intra","Merulinidae",6,30,"NB","18686.7319923592"
"Leptoseris amitoriensis","Near Threatened",3.7,"MB","intra","Agariciidae",5,30,"MB","3336.60444662736"
"Leptoseris cailleti","Least Concern",3.5,"MB","intra","Agariciidae",5,150,"MB","2084.361481274"
"Leptoseris explanata","Least Concern",4,"MB","intra","Agariciidae",5,70,"MB","13864.2029579955"
"Leptoseris foliosa","Least Concern",1.4,"MB","intra","Agariciidae",5,30,"MB","19689.7350903169"
"Leptoseris gardineri","Least Concern",2.5,"MB","intra","Agariciidae",5,70,"MB","10966.9981174172"
"Leptoseris hawaiiensis","Vulnerable",4.4,"LB","intra","Agariciidae",5,165,"LB","18885.312308313"
"Leptoseris mycetoseroides","Least Concern",4.4,"MB","intra","Agariciidae",5,80,"MB","18478.189232551"
"Leptoseris papyracea","Least Concern",4.4,"MB","intra","Agariciidae",5,89,"MB","19125.8217959355"
"Leptoseris scabra","Least Concern",6.3,"LB","intra","Agariciidae",5,127,"LB","18851.7011162386"
"Leptoseris solida","Least Concern",3.8,"LB","intra","Agariciidae",5,70,"LB","18505.7937382562"
"Leptoseris striata","Near Threatened",4,"LB","intra","Agariciidae",5,103,"LB","3080.71151464521"
"Leptoseris tubulifera","Least Concern",2.5,"LB","intra","Agariciidae",5,70,"LB","18056.3871767011"
"Leptoseris yabei","Vulnerable",3.7,"MB","intra","Agariciidae",5,74,"MB","18048.6717983075"
"Lithophyllon undulatum","Near Threatened",5.1,"LB","intra","Fungiidae",5,20,"LB","7155.10623535994"
"Cycloseris mokai","Least Concern",7.5,"NB","intra","Fungiidae",0,27,"NB","12802.0719576234"
"Lobophyllia corymbosa","Least Concern",47.5,"NB","intra","Lobophylliidae",2,40,"NB","17640.1967408784"
"Lobophyllia dentata","Vulnerable",32.6,"NB","intra","Lobophylliidae",2,10,"NB","3741.87394186434"
"Lobophyllia diminuta","Vulnerable",42.5,"NB","intra","Lobophylliidae",2,10,"NB","7409.32758659643"
"Lobophyllia flabelliformis","Vulnerable",59.5,"NB","intra","Lobophylliidae",2,30,"NB","12131.7962493007"
"Lobophyllia hataii","Least Concern",30,"NB","intra","Lobophylliidae",2,40,"NB","12198.7241064498"
"Lobophyllia hemprichii","Least Concern",26.8,"NB","intra","Lobophylliidae",2,50,"NB","19898.5214603725"
"Acanthastrea pachysepta","Near Threatened",32.6,"NB","both","Lobophylliidae",3,30,"NB","13054.8744745652"
"Lobophyllia robusta","Least Concern",47.5,"NB","intra","Lobophylliidae",2,40,"NB","12408.2485418105"
"Lobophyllia serrata","Endangered",40.2,"NB","intra","Lobophylliidae",2,15,"NB","2456.59226160032"
"Madracis decactis","Least Concern",2.2,"LB","extra","Pocilloporidae",3,98,"LB","11461.2993433849"
"Madracis formosa","Least Concern",1.6,"MB","extra","Pocilloporidae",3,40,"MB","3895.68382825811"
"Madracis kirbyi","Least Concern",2.6,"LB","extra","Pocilloporidae",3,60,"LB","13272.3675126916"
"Madracis senaria","Least Concern",1.8,"LB","extra","Pocilloporidae",3,30,"LB","849.59630734325"
"Manicina areolata","Least Concern",8.8,"NB","intra","Faviidae",7,65,"NB","13744.1934228182"
"Meandrina meandrites","Least Concern",13.5,"NB","intra","Meandrinidae",6,80,"NB","17194.2945815903"
"Merulina ampliata","Least Concern",6.2,"MB","intra","Merulinidae",6,50,"MB","18661.8467732102"
"Merulina scabricula","Least Concern",3.5,"MB","intra","Merulinidae",6,40,"MB","11860.6929452162"
"Merulina scheeri","Least Concern",8.2,"LB","intra","Merulinidae",6,45,"LB",NA
"Goniopora diminuta","Data Deficient",4,"NB","extra","Poritidae",4,15,"NB",NA
"Orbicella annularis","Endangered",3.8,"NB","extra","Merulinidae",3,82,"NB","4234.20344724965"
"Astrea annuligera","Near Threatened",6.3,"LB","extra","Merulinidae",3,30,"LB","17602.4436543652"
"Favites colemani","Near Threatened",7.8,"LB","both","Merulinidae",4,20,"LB","12319.4347557628"
"Astrea curta","Least Concern",9.3,"NB","extra","Merulinidae",3,45,"NB","19099.0114196809"
"Favites magnistellata","Near Threatened",5.1,"NB","both","Merulinidae",4,30,"NB","13510.7978131778"
"Micromussa multipunctata","Vulnerable",9.3,"LB","both","Lobophylliidae",3,15,"LB",NA
"Paramontastraea salebrosa","Vulnerable",4.7,"NB","extra","Merulinidae",3,20,"NB","6812.61449333731"
"Paramontastraea serageldini","Vulnerable",5,"NB","extra","Merulinidae",3,25,"NB","3861.84610046756"
"Montigyra kenti","Data Deficient",32,"NB","intra","Euphylliidae",5,NA,"NB",NA
"Montipora aequituberculata","Least Concern",0.9,"MB","extra","Acroporidae",3,43,"MB","19737.0883254558"
"Montipora altasepta","Vulnerable",0.8,"HB","extra","Acroporidae",3,10,"HB","5137.05609471588"
"Montipora angulata","Vulnerable",1.3,"MB","extra","Acroporidae",3,20,"MB","11241.3624068618"
"Montipora aspergillus","Data Deficient",0.8,"MB","extra","Acroporidae",3,10,"MB","0"
"Montipora australiensis","Vulnerable",0.9,"MB","extra","Acroporidae",3,30,"MB","4712.34941906511"
"Montipora cactus","Vulnerable",1.2,"LB","extra","Acroporidae",3,20,"LB","5638.18717001991"
"Montipora calcarea","Vulnerable",0.9,"LB","extra","Acroporidae",3,20,"LB","13068.3846651619"
"Montipora caliculata","Vulnerable",1,"NB","extra","Acroporidae",3,20,"NB","18519.7158999489"
"Montipora capitata","Near Threatened",1,"LB","extra","Acroporidae",3,70,"LB","15387.3990552632"
"Montipora capricornis","Vulnerable",1,"MB","extra","Acroporidae",3,20,"MB","8911.0319533327"
"Montipora cebuensis","Vulnerable",0.8,"MB","extra","Acroporidae",3,20,"MB","5750.65621112934"
"Montipora circumvallata","Least Concern",0.6,"LB","extra","Acroporidae",3,20,"LB","3861.84610046756"
"Montipora cocosensis","Vulnerable",1.4,"NB","extra","Acroporidae",3,15,"NB","321.659535246689"
"Montipora confusa","Near Threatened",0.7,"LB","extra","Acroporidae",3,30,"LB","7313.05099761568"
"Montipora corbettensis","Vulnerable",0.8,"LB","extra","Acroporidae",3,20,"LB","4698.04826956728"
"Montipora crassituberculata","Vulnerable",1.5,"MB","extra","Acroporidae",3,20,"MB","9768.90761369789"
"Montipora cryptus","Near Threatened",0.7,"LB","extra","Acroporidae",3,20,"LB","5894.35584067765"
"Montipora danae","Least Concern",1.4,"MB","extra","Acroporidae",3,50,"MB","17654.8576784923"
"Montipora delicatula","Vulnerable",0.6,"MB","extra","Acroporidae",3,15,"MB","5235.14683731663"
"Montipora digitata","Least Concern",0.9,"HB","extra","Acroporidae",3,5,"HB","15268.7374519772"
"Montipora dilatata","Endangered",1.2,"LB","extra","Acroporidae",3,10,"LB","121.679600496285"
"Montipora efflorescens","Near Threatened",1.2,"NB","extra","Acroporidae",3,20,"NB","18078.0981198944"
"Montipora effusa","Near Threatened",0.8,"NB","extra","Acroporidae",3,20,"NB","16144.0806329363"
"Montipora flabellata","Vulnerable",0.2,"MB","extra","Acroporidae",3,10,"MB","4201.54062342158"
"Montipora florida","Vulnerable",0.8,"MB","extra","Acroporidae",3,20,"MB","6760.07669148998"
"Montipora floweri","Least Concern",0.9,"NB","extra","Acroporidae",3,35,"NB","18473.7417404588"
"Montipora foliosa","Near Threatened",0.9,"MB","extra","Acroporidae",3,47,"MB","17405.4132482202"
"Montipora foveolata","Near Threatened",2.9,"NB","extra","Acroporidae",3,25,"NB","18519.7158999489"
"Montipora friabilis","Vulnerable",1,"MB","extra","Acroporidae",3,20,"MB","9706.32093861364"
"Montipora gaimardi","Vulnerable",0.8,"LB","extra","Acroporidae",3,15,"LB","2456.58843532455"
"Montipora grisea","Least Concern",1.2,"NB","extra","Acroporidae",3,20,"NB","18519.7158999489"
"Montipora hemispherica","Data Deficient",0.9,"LB","extra","Acroporidae",3,20,"LB","0"
"Montipora hispida","Near Threatened",1.4,"LB","extra","Acroporidae",3,40,"HB","17560.0570075763"
"Montipora hodgsoni","Vulnerable",0.6,"MB","extra","Acroporidae",3,20,"MB","4912.6651389687"
"Montipora hoffmeisteri","Least Concern",1.1,"LB","extra","Acroporidae",3,40,"LB","11590.3859576992"
"Montipora incrassata","Near Threatened",1.4,"LB","extra","Acroporidae",3,30,"LB","19766.6091002166"
"Montipora informis","Least Concern",1.3,"NB","extra","Acroporidae",3,20,"NB","17787.3716132262"
"Montipora kellyi","Data Deficient",0.9,"MB","extra","Acroporidae",3,15,"MB",NA
"Montipora lobulata","Vulnerable",1.3,"NB","extra","Acroporidae",3,20,"NB","10207.7133396456"
"Montipora mactanensis","Vulnerable",0.9,"LB","extra","Acroporidae",3,20,"LB","2374.13368906499"
"Montipora malampaya","Vulnerable",0.7,"LB","extra","Acroporidae",3,15,"LB","3774.00257098437"
"Montipora millepora","Least Concern",8,"LB","extra","Acroporidae",3,55,"LB","19947.9317836383"
"Montipora mollis","Least Concern",0.9,"NB","extra","Acroporidae",3,40,"NB","17629.1657634374"
"Montipora monasteriata","Least Concern",1.1,"MB","extra","Acroporidae",3,40,"MB","17787.3716132262"
"Montipora niugini","Near Threatened",0.7,"LB","extra","Acroporidae",3,35,"LB","1146.83500730344"
"Montipora nodosa","Near Threatened",1.3,"NB","extra","Acroporidae",3,30,"NB","18519.7158999489"
"Montipora orientalis","Vulnerable",1,"MB","extra","Acroporidae",3,20,"MB","7353.36355531391"
"Montipora pachytuberculata","Data Deficient",0.6,"MB","extra","Acroporidae",3,10,"MB","0"
"Montipora palawanensis","Near Threatened",0.7,"MB","extra","Acroporidae",3,40,"MB",NA
"Montipora patula","Vulnerable",0.7,"MB","extra","Acroporidae",3,10,"MB","3110.65494010528"
"Montipora peltiformis","Near Threatened",0.9,"NB","extra","Acroporidae",3,30,"NB","16620.2074558835"
"Montipora porites","Near Threatened",0.9,"LB","extra","Acroporidae",3,25,"LB","4370.30761478873"
"Montipora samarensis","Vulnerable",0.7,"HB","extra","Acroporidae",3,15,"HB","4197.94470384967"
"Montipora saudii","Near Threatened",0.8,"LB","extra","Acroporidae",3,8,"LB","5062.5764551366"
"Montipora setosa","Endangered",0.8,"LB","extra","Acroporidae",3,20,"LB",NA
"Montipora stellata","Least Concern",0.9,"LB","extra","Acroporidae",3,20,"LB","12357.003661649"
"Montipora spongiosa","Least Concern",0.8,"MB","extra","Acroporidae",3,20,"MB","13138.1807846054"
"Montipora spongodes","Least Concern",1.2,"LB","extra","Acroporidae",3,25,"LB","17590.1657593762"
"Montipora spumosa","Least Concern",0.9,"LB","extra","Acroporidae",3,30,"LB","17157.7327588302"
"Montipora stilosa","Vulnerable",0.8,"NB","extra","Acroporidae",3,50,"NB","3861.84610046756"
"Montipora taiwanensis","Data Deficient",0.9,"NB","extra","Acroporidae",3,2,"NB","693.580350443558"
"Montipora tuberculosa","Vulnerable",1.1,"MB","extra","Acroporidae",3,40,"MB","18818.9711509367"
"Montipora turgescens","Least Concern",1,"NB","extra","Acroporidae",3,30,"NB","17705.8488524155"
"Montipora turtlensis","Vulnerable",0.9,"LB","extra","Acroporidae",3,20,"LB","5161.90860545844"
"Montipora undata","Near Threatened",1.2,"MB","extra","Acroporidae",3,30,"MB","16610.9239735216"
"Montipora venosa","Near Threatened",1.8,"NB","extra","Acroporidae",3,30,"NB","18078.0981198944"
"Montipora verrucosa","Least Concern",1.4,"MB","extra","Acroporidae",3,45,"MB","19025.3291958884"
"Montipora verruculosa","Vulnerable",0.8,"LB","extra","Acroporidae",3,20,"LB","2684.11291802466"
"Montipora vietnamensis","Vulnerable",0.7,"LB","extra","Acroporidae",3,15,"LB","7717.99455739772"
"Moseleya latistellata","Vulnerable",73,"NB","both","Lobophylliidae",4,10,"NB","12446.8311458235"
"Mussa angulosa","Least Concern",60,"NB","intra","Faviidae",7,59,"NB","18000.7198917995"
"Mussismilia braziliensis","Data Deficient",6.6,"NB","intra","Faviidae",3,NA,"NB","1150.81751464584"
"Mussismilia harttii","Data Deficient",20,"NB","intra","Faviidae",3,NA,"NB","865.203540776942"
"Mussismilia hispida","Data Deficient",20.5,"NB","intra","Faviidae",3,NA,"NB","2322.15387565411"
"Mycedium elephantotus","Least Concern",7.5,"MB","intra","Merulinidae",5,70,"MB","18830.4149665651"
"Mycedium mancaoi","Least Concern",7.2,"MB","intra","Merulinidae",5,NA,"MB","12065.0078371875"
"Mycedium robokaki","Least Concern",7.2,"MB","intra","Merulinidae",5,NA,"MB","1077.90217126538"
"Mycedium steeni","Vulnerable",3.1,"MB","intra","Merulinidae",5,30,"MB","2715.43096953262"
"Mycedium umbra","Least Concern",8.3,"LB","intra","Merulinidae",5,30,"LB","5894.35584067765"
"Mycetophyllia aliciae","Least Concern",20,"NB","both","Faviidae",5,85,"NB","3904.73512910091"
"Mycetophyllia danaana","Least Concern",13.8,"LB","both","Faviidae",5,30,"LB","3104.4360105552"
"Mycetophyllia ferox","Vulnerable",7.7,"MB","both","Faviidae",5,30,"MB","3904.73512910091"
"Mycetophyllia lamarckiana","Least Concern",18.5,"LB","both","Faviidae",5,75,"LB",NA
"Mycetophyllia reesi","Data Deficient",7.9,"MB","both","Faviidae",5,76,"MB","3097.42709429678"
"Nemenzophyllia turbida","Vulnerable",7.5,"NB","intra","Plerogyridae",5,30,"NB","10348.5609730742"
"Oculina patagonica","Least Concern",3.3,"MB","intra","Oculinidae",1,10,"MB",NA
"Oculina robusta","Data Deficient",3.7,"HB","intra","Oculinidae",1,20,"HB","3057.24231074445"
"Oculina valenciennesi","Data Deficient",2.7,"MB","intra","Oculinidae",1,30,"MB","3441.15495275518"
"Oulastrea crispata","Least Concern",5.6,"LB","both","Oulastreidae",3,10,"LB","16884.2141448938"
"Oulophyllia bennettae","Near Threatened",17.4,"NB","intra","Merulinidae",5,30,"NB","13117.9746680824"
"Oulophyllia crispa","Near Threatened",7,"NB","intra","Merulinidae",5,40,"NB","17638.5922986189"
"Oulophyllia levis","Least Concern",8.6,"NB","intra","Merulinidae",5,30,"NB","5649.90145145347"
"Oxypora convoluta","Data Deficient",7.3,"MB","intra","Lobophylliidae",5,30,"MB","0"
"Oxypora crassispinosa","Least Concern",8.8,"MB","intra","Lobophylliidae",5,30,"MB","13404.5975515827"
"Oxypora egyptensis","Data Deficient",11.3,"NB","intra","Lobophylliidae",5,60,"NB","0"
"Echinophyllia glabra","Least Concern",7.5,"MB","intra","Lobophylliidae",5,40,"MB",NA
"Oxypora lacera","Least Concern",8.8,"MB","intra","Lobophylliidae",5,30,"MB","16204.5359989664"
"Pachyseris foliosa","Least Concern",6.3,"MB","intra","Scleractinia incertae sedis",6,25,"MB","5287.25232848368"
"Pachyseris gemmae","Near Threatened",3.3,"MB","intra","Scleractinia incertae sedis",6,25,"MB","3432.68534484818"
"Pachyseris involuta","Vulnerable",4.1,"MB","intra","Scleractinia incertae sedis",6,15,"MB",NA
"Pachyseris rugosa","Vulnerable",4.8,"MB","intra","Scleractinia incertae sedis",6,20,"MB","16970.2011647122"
"Pachyseris speciosa","Least Concern",4.6,"MB","intra","Scleractinia incertae sedis",6,88,"MB","19300.0221077447"
"Palauastrea ramosa","Near Threatened",1.2,"MB","extra","Astrocoeniidae",3,30,"MB","17807.2290602459"
"Merulina triangularis","Near Threatened",8.8,"MB","intra","Merulinidae",6,20,"MB","4807.69640580628"
"Pavona bipartita","Vulnerable",3.1,"NB","intra","Agariciidae",5,20,"NB","11236.6546882717"
"Pavona cactus","Vulnerable",1.4,"LB","intra","Agariciidae",5,35,"LB","19328.1200364106"
"Pavona clavus","Least Concern",3.4,"MB","intra","Agariciidae",5,40,"MB","19730.2916889512"
"Pavona decussata","Vulnerable",3.5,"LB","intra","Agariciidae",5,20,"LB","16338.9079820367"
"Pavona diffluens","Vulnerable",2.6,"NB","intra","Agariciidae",5,20,"NB","11066.8322040383"
"Pavona duerdeni","Least Concern",2.1,"NB","intra","Agariciidae",5,15,"NB","18856.0746205772"
"Pavona explanulata","Least Concern",3,"MB","intra","Agariciidae",5,25,"MB","19834.6726856483"
"Pavona frondifera","Least Concern",2.6,"LB","intra","Agariciidae",5,15,"LB","16897.7000627047"
"Pavona gigantea","Least Concern",5.7,"NB","intra","Agariciidae",5,30,"NB","19058.1608073714"
"Pavona maldivensis","Least Concern",4.1,"MB","intra","Agariciidae",5,67,"MB","19150.0790551661"
"Pavona minuta","Near Threatened",3.3,"NB","intra","Agariciidae",5,55,"NB","18475.6427269713"
"Pavona varians","Least Concern",9.3,"LB","intra","Agariciidae",5,80,"LB","19834.6726856483"
"Pavona venosa","Vulnerable",9.3,"LB","intra","Agariciidae",5,20,"LB","16610.3487180401"
"Pectinia africana","Vulnerable",16.6,"NB","intra","Merulinidae",5,30,"NB","3861.84610046756"
"Pectinia alcicornis","Vulnerable",21.2,"LB","intra","Merulinidae",5,25,"LB","8734.99486993912"
"Physophyllia ayleni","Near Threatened",15,"MB","intra","Merulinidae",5,25,"MB","11308.7006480144"
"Pectinia elongata","Near Threatened",7.5,"MB","intra","Merulinidae",5,25,"MB","2181.29788002087"
"Pectinia lactuca","Vulnerable",30,"LB","intra","Merulinidae",5,20,"LB","13865.6182458317"
"Pectinia paeonia","Near Threatened",35,"MB","intra","Merulinidae",5,25,"MB","9986.34832811501"
"Pectinia pygmaea","Near Threatened",4.7,"MB","intra","Merulinidae",5,30,"MB","9.50453877449036e-05"
"Pectinia teres","Near Threatened",6.2,"MB","intra","Merulinidae",5,30,"MB","4916.62574007564"
"Physogyra lichtensteini","Vulnerable",6,"NB","intra","Plerogyridae",5,20,"NB","14511.2020526483"
"Platygyra acuta","Near Threatened",5.2,"NB","intra","Merulinidae",6,20,"NB","12566.8490620817"
"Platygyra carnosa","Near Threatened",5,"NB","intra","Merulinidae",6,15,"NB","9453.26954263465"
"Platygyra contorta","Least Concern",5.6,"NB","intra","Merulinidae",6,20,"NB","13247.3345524571"
"Platygyra crosslandi","Near Threatened",5.9,"NB","intra","Merulinidae",6,20,"NB","7274.6652196107"
"Platygyra daedalea","Least Concern",5.8,"NB","intra","Merulinidae",6,40,"NB","19220.1115426404"
"Platygyra lamellina","Near Threatened",9.1,"NB","intra","Merulinidae",6,30,"NB","19315.6187515184"
"Platygyra pini","Least Concern",7.2,"NB","intra","Merulinidae",6,30,"NB","19405.0371926626"
"Platygyra ryukyuensis","Near Threatened",3.3,"NB","intra","Merulinidae",6,30,"NB","12871.0590478018"
"Platygyra sinensis","Least Concern",6.7,"NB","intra","Merulinidae",6,30,"NB","17602.4436543652"
"Platygyra verweyi","Near Threatened",4.7,"NB","intra","Merulinidae",6,20,"NB","12422.3653176529"
"Plerogyra discus","Vulnerable",20.8,"NB","intra","Plerogyridae",7,15,"NB","5.50842287826873"
"Plerogyra simplex","Near Threatened",20,"MB","intra","Plerogyridae",7,30,"MB","674.253732503758"
"Plerogyra sinuosa","Near Threatened",30,"NB","intra","Plerogyridae",7,40,"NB","17602.4436543652"
"Astrea devantieri","Near Threatened",4.5,"NB","extra","Merulinidae",3,20,"NB","3861.84610046756"
"Plesiastrea versipora","Least Concern",4.6,"NB","extra","Plesiastreidae",3,40,"NB","19793.1374904025"
"Pocillopora ankeli","Vulnerable",1,"MB","extra","Pocilloporidae",3,10,"MB","7194.29698270355"
"Pocillopora capitata","Least Concern",0.4,"HB","extra","Pocilloporidae",3,20,"HB","13709.0533080356"
"Pocillopora damicornis","Least Concern",1,"MB","extra","Pocilloporidae",3,55,"MB","19908.2634744496"
"Pocillopora verrucosa","Vulnerable",1.2,"HB","extra","Pocilloporidae",3,54,"MB","19574.897026465"
"Pocillopora effusa","Data Deficient",1.1,"HB","extra","Pocilloporidae",3,NA,"HB",NA
"Pocillopora elegans","Vulnerable",1,"MB","extra","Pocilloporidae",3,30,"MB","18471.6368395905"
"Pocillopora grandis","Near Threatened",1,"HB","extra","Pocilloporidae",3,20,"HB","19440.9898005198"
"Pocillopora fungiformis","Endangered",0.8,"LB","extra","Pocilloporidae",3,15,"LB",NA
"Pocillopora indiania","Vulnerable",1.2,"MB","extra","Pocilloporidae",3,20,"MB","3861.84610046756"
"Pocillopora inflata","Vulnerable",1,"MB","extra","Pocilloporidae",3,10,"MB","1682.39983352143"
"Pocillopora kelleheri","Least Concern",1.2,"HB","extra","Pocilloporidae",3,40,"HB","653.165611736152"
"Pocillopora ligulata","Least Concern",0.8,"MB","extra","Pocilloporidae",3,NA,"MB","18795.7582043777"
"Pocillopora meandrina","Least Concern",0.7,"MB","extra","Pocilloporidae",3,27,"MB","19123.1566148517"
"Pocillopora molokensis","Data Deficient",1.3,"MB","extra","Pocilloporidae",3,55,"MB","2557.76407368173"
"Pocillopora woodjonesi","Least Concern",1.1,"HB","extra","Pocilloporidae",3,26,"HB","18473.7417404588"
"Pocillopora zelli","Least Concern",1.2,"HB","extra","Pocilloporidae",3,15,"HB","19278.1363850916"
"Podabacia crustacea","Least Concern",3,"LB","intra","Fungiidae",5,50,"LB","18478.189232551"
"Podabacia motuporensis","Near Threatened",2.8,"LB","intra","Fungiidae",5,20,"LB","6978.14714084379"
"Podabacia sinai","Data Deficient",2.7,"MB","intra","Fungiidae",5,20,"MB","0"
"Porites annae","Near Threatened",1.1,"LB","extra","Poritidae",4,30,"LB","18007.1527165001"
"Porites aranetai","Vulnerable",1,"LB","extra","Poritidae",4,20,"LB","4916.62574007564"
"Porites arnaudi","Least Concern",1.1,"MB","extra","Poritidae",4,37,"MB",NA
"Porites astreoides","Least Concern",1.6,"NB","extra","Poritidae",4,70,"NB","8711.71516273236"
"Porites attenuata","Vulnerable",2.1,"MB","extra","Poritidae",4,20,"MB","12369.1794944631"
"Porites australiensis","Least Concern",1.4,"NB","extra","Poritidae",4,50,"NB","18519.7158999489"
"Porites lobata","Near Threatened",1.1,"NB","extra","Poritidae",4,67,"NB","19764.8841321034"
"Porites branneri","Near Threatened",1.8,"LB","extra","Poritidae",4,3,NA,"8219.78472836468"
"Porites brighami","Least Concern",1.5,"NB","extra","Poritidae",4,NA,"NB","4041.37307635017"
"Porites cocosensis","Vulnerable",1.5,"LB","extra","Poritidae",4,NA,"LB","0"
"Porites colonensis","Data Deficient",2,"MB","extra","Poritidae",4,25,"MB","2375.8981191537"
"Porites columnaris","Least Concern",1.5,"MB","extra","Poritidae",4,15,"MB","3861.84610046756"
"Porites compressa","Least Concern",1.6,"LB","extra","Poritidae",4,30,"LB","17583.5365721105"
"Porites cumulatus","Vulnerable",1.1,"MB","extra","Poritidae",4,20,"MB","9115.60350895526"
"Porites cylindrica","Near Threatened",1.1,"LB","extra","Poritidae",4,20,"LB","17601.2969483236"
"Porites deformis","Near Threatened",1.6,"LB","extra","Poritidae",4,30,"LB","10501.0022700961"
"Porites densa","Near Threatened",1.3,"NB","extra","Poritidae",4,20,"NB","7486.29935676786"
"Porites desilveri","Endangered",1,"LB","extra","Poritidae",4,NA,"LB",NA
"Porites divaricata","Least Concern",1.6,"HB","extra","Poritidae",4,47,"MB","3857.80244719849"
"Porites echinulata","Near Threatened",2.1,"MB","extra","Poritidae",4,50,"MB","4661.23110557695"
"Porites eridani","Endangered",0.8,"LB","extra","Poritidae",4,20,"LB","4874.91606187193"
"Porites evermanni","Data Deficient",1,"MB","extra","Poritidae",4,30,"MB","17437.59894991"
"Porites flavus","Data Deficient",0.7,"MB","extra","Poritidae",4,20,"MB","9.50453877449036e-05"
"Porites furcata","Least Concern",1.9,"HB","extra","Poritidae",4,50,"MB","4237.21007051906"
"Porites harrisoni","Near Threatened",1.1,"MB","extra","Poritidae",4,15,"MB","3861.84610046756"
"Porites heronensis","Least Concern",1.5,"MB","extra","Poritidae",4,20,"MB","4398.35996767158"
"Porites horizontalata","Vulnerable",1.7,"LB","extra","Poritidae",4,20,"LB","9577.04116155997"
"Porites rus","Least Concern",0.8,"LB","extra","Poritidae",4,20,"LB","18505.7937382562"
"Porites latistellata","Least Concern",1.4,"LB","extra","Poritidae",4,20,"LB","18505.7937382562"
"Porites lichen","Least Concern",1.4,"MB","extra","Poritidae",4,40,"MB","18782.7605698749"
"Porites lutea","Least Concern",1.3,"NB","extra","Poritidae",4,70,"NB","19878.3801143839"
"Porites mayeri","Least Concern",1.6,"NB","extra","Poritidae",4,20,"NB","11138.3278711196"
"Porites monticulosa","Least Concern",1.2,"LB","extra","Poritidae",4,20,"LB","16320.8092688847"
"Porites murrayensis","Near Threatened",1,"NB","extra","Poritidae",4,5,"NB","10813.8868702417"
"Porites myrmidonensis","Least Concern",1.4,"NB","extra","Poritidae",4,55,"NB","410.215733379453"
"Porites napopora","Vulnerable",0.9,"LB","extra","Poritidae",4,15,"LB","0"
"Porites negrosensis","Near Threatened",1.7,"MB","extra","Poritidae",4,15,"MB","5625.48090878667"
"Porites nigrescens","Vulnerable",1.6,"MB","extra","Poritidae",4,20,"MB","15268.7374519772"
"Porites nodifera","Least Concern",1.6,"MB","extra","Poritidae",4,15,"MB","15125.9650010646"
"Porites okinawensis","Vulnerable",1.3,"NB","extra","Poritidae",4,NA,"NB",NA
"Porites ornata","Endangered",1.5,"MB","extra","Poritidae",4,15,"MB",NA
"Porites panamensis","Least Concern",0.9,"NB","extra","Poritidae",4,36,"NB","16657.7622394971"
"Porites porites","Least Concern",2.5,"HB","extra","Poritidae",4,35,"MB","18148.8139432358"
"Porites profundus","Least Concern",0.9,"MB","extra","Poritidae",4,15,"MB","13284.8856626862"
"Porites pukoensis","Critically Endangered",1.7,"MB","extra","Poritidae",4,NA,"MB","4141.7786724486"
"Porites rugosus","Vulnerable",0.9,"MB","extra","Poritidae",4,15,"MB","4036.36780120169"
"Porites solida","Least Concern",1.6,"NB","extra","Poritidae",4,20,"NB","19391.2873330099"
"Porites somaliensis","Near Threatened",2.3,"NB","extra","Poritidae",4,20,"NB","5480.19729206772"
"Porites stephensoni","Near Threatened",1.3,"NB","extra","Poritidae",4,5,"NB","6490.58803710414"
"Porites vaughani","Least Concern",0.8,"LB","extra","Poritidae",4,40,"LB","16620.2074558835"
"Goniopora paliformis","Vulnerable",2.7,"NB","extra","Poritidae",4,NA,"NB","3861.84610046756"
"Psammocora digitata","Near Threatened",2.3,"MB","intra","Psammocoridae",4,20,"MB","13563.8050893192"
"Cycloseris explanulata","Least Concern",4.5,"MB","intra","Fungiidae",0,35,"MB","16822.1596293414"
"Psammocora haimiana","Least Concern",4.6,"NB","intra","Psammocoridae",4,50,"NB","19627.788188653"
"Psammocora nierstraszi","Near Threatened",2.3,"NB","intra","Psammocoridae",4,40,"NB","18727.9686967018"
"Psammocora contigua","Near Threatened",1.5,"MB","intra","Psammocoridae",4,35,"MB","19860.9470737691"
"Psammocora profundacella","Least Concern",2.5,"NB","intra","Psammocoridae",4,50,"LB","18473.3626739315"
"Psammocora stellata","Vulnerable",2.5,"NB","intra","Psammocoridae",4,70,"NB","18409.3741574384"
"Herpolitha limax","Least Concern",370,"NB","intra","Fungiidae",5,40,"NB","19124.2722784356"
"Sandalolitha robusta","Least Concern",4.6,"NB","intra","Fungiidae",5,21,"NB","17602.4436543652"
"Merulina cylindrica","Least Concern",3.8,"MB","intra","Merulinidae",6,25,"MB",NA
"Schizoculina africana","Data Deficient",9.1,"HB","extra","Oculinidae",3,35,"HB",NA
"Schizoculina fissipara","Data Deficient",3.4,"LB","extra","Oculinidae",3,35,"LB",NA
"Homophyllia australis","Least Concern",75,"NB","intra","Lobophylliidae",4,40,"NB","19994.1739961707"
"Scolymia cubensis","Least Concern",56.5,"NB","both","Faviidae",0,92,"NB","7790.71580544304"
"Lobophyllia vitiensis","Near Threatened",70,"NB","intra","Lobophylliidae",2,50,"NB","18477.3346515492"
"Seriatopora aculeata","Vulnerable",0.5,"MB","extra","Pocilloporidae",3,40,"MB","13820.4099578994"
"Seriatopora caliendrum","Near Threatened",1.1,"MB","extra","Pocilloporidae",3,40,"MB","15843.1041725902"
"Seriatopora guttata","Least Concern",0.6,"MB","extra","Pocilloporidae",3,40,"MB","11630.735762867"
"Seriatopora hystrix","Least Concern",0.8,"MB","extra","Pocilloporidae",3,55,"MB","16973.7635695498"
"Seriatopora stellata","Near Threatened",0.6,"MB","extra","Pocilloporidae",3,20,"MB","15222.5705546902"
"Siderastrea siderea","Critically Endangered",4.5,"NB","extra","Siderastreidae",4,70,"NB","15034.1932350525"
"Siderastrea radians","Least Concern",3,"NB","extra","Siderastreidae",4,33,"NB","18356.3653924994"
"Siderastrea savignyana","Least Concern",3.8,"NB","extra","Siderastreidae",4,10,"NB","6378.1315320821"
"Siderastrea stellata","Data Deficient",3,"NB","extra","Siderastreidae",4,NA,"NB","2191.87347172118"
"Simplastrea vesicularis","Data Deficient",4.2,"LB","extra","Euphylliidae",3,NA,"LB",NA
"Solenastrea bournoni","Least Concern",20.5,"NB","extra","Scleractinia incertae sedis",3,30,"NB","3653.56766881315"
"Solenastrea hyades","Least Concern",4.2,"NB","extra","Scleractinia incertae sedis",3,40,"NB","2750.59345919389"
"Stephanocoenia intersepta","Least Concern",2.7,"NB","extra","Astrocoeniidae",3,100,"NB","18155.7388796069"
"Stylaraea punctata","Data Deficient",1.2,"LB","extra","Poritidae",3,NA,"LB","13270.2345176695"
"Stylocoeniella armata","Least Concern",2.3,"LB","extra","Astrocoeniidae",3,50,"LB","17623.7262620149"
"Stylocoeniella cocosensis","Vulnerable",0.7,"LB","extra","Astrocoeniidae",3,10,"LB","402.973944938875"
"Stylocoeniella guentheri","Least Concern",1.1,"LB","extra","Astrocoeniidae",3,62,"LB","18714.6328242401"
"Stylophora danae","Least Concern",1.1,"MB","extra","Pocilloporidae",3,40,"MB","11824.1137825447"
"Stylophora kuehlmanni","Least Concern",0.7,"MB","extra","Pocilloporidae",3,70,"MB","91.3614925229034"
"Stylophora madagascarensis","Endangered",0.8,"MB","extra","Pocilloporidae",3,20,"MB","3861.84610046756"
"Stylophora mamillata","Least Concern",1,"LB","extra","Pocilloporidae",3,40,"LB","3861.84610046756"
"Stylophora pistillata","Near Threatened",1.4,"MB","extra","Pocilloporidae",3,65,"MB","17631.5464308396"
"Stylophora subseriata","Least Concern",0.7,"MB","extra","Pocilloporidae",3,30,"MB","11733.2571147944"
"Stylophora wellsi","Near Threatened",0.7,"MB","extra","Pocilloporidae",3,10,"MB","3861.84610046756"
"Lobophyllia agaricia","Least Concern",33.5,"NB","intra","Lobophylliidae",2,40,"NB","13761.4472152805"
"Lobophyllia erythraea","Least Concern",17.5,"NB","intra","Lobophylliidae",2,45,"NB","3861.84610046756"
"Lobophyllia hassi","Vulnerable",20,"NB","intra","Lobophylliidae",2,20,"NB","6392.30204533357"
"Lobophyllia radians","Least Concern",35,"NB","intra","Lobophylliidae",2,40,"NB","14003.8125640233"
"Lobophyllia recta","Least Concern",9,"NB","intra","Lobophylliidae",2,40,"NB","17590.1657593762"
"Lobophyllia valenciennesii","Least Concern",35,"LB","intra","Lobophylliidae",2,40,"LB","14206.2531790195"
"Trachyphyllia geoffroyi","Near Threatened",4,"NB","intra","Merulinidae",7,40,"NB","15954.8580079003"
"Turbinaria bifrons","Vulnerable",1.6,"MB","extra","Dendrophylliidae",3,25,"MB","7462.87825387088"
"Turbinaria conspicua","Least Concern",1.6,"MB","extra","Dendrophylliidae",3,20,"MB","2519.77085726012"
"Turbinaria frondens","Least Concern",1.1,"MB","extra","Dendrophylliidae",3,20,"MB","17508.6595074165"
"Turbinaria heronensis","Vulnerable",4.4,"MB","extra","Dendrophylliidae",3,15,"MB","1860.57256594934"
"Turbinaria irregularis","Least Concern",2.1,"MB","extra","Dendrophylliidae",3,40,"MB","14088.3467841936"
"Turbinaria mesenterina","Vulnerable",3.5,"MB","extra","Dendrophylliidae",3,20,"MB","19955.6707709723"
"Turbinaria patula","Vulnerable",3.5,"MB","extra","Dendrophylliidae",3,20,"MB","9134.9755974043"
"Duncanopsammia peltata","Vulnerable",4.8,"MB","extra","Dendrophylliidae",1,40,"MB",NA
"Turbinaria radicalis","Near Threatened",2.5,"LB","extra","Dendrophylliidae",3,25,"LB","6929.85750770126"
"Turbinaria reniformis","Vulnerable",4.2,"MB","extra","Dendrophylliidae",3,60,"MB","17631.5464308396"
"Turbinaria stellulata","Vulnerable",3.3,"NB","extra","Dendrophylliidae",3,15,"NB","17590.1657593762"
"Zoopilus echinatus","Least Concern",20,"NB","intra","Fungiidae",5,20,"NB","7066.16384701793"
"Montipora verrilli","Data Deficient",0.8,"LB","extra","Acroporidae",3,40,"LB","18768.6990891818"
